image_id,healthy,multiple_diseases,rust,scab
Test_0,0.1252168,0,0.51658845,0.35819474
Test_1,0.33424354,0,0.45104116,0.21471527
Test_2,3.367749e-05,0,0.00020154472,0.99976474
Test_3,0.8245591,0,0.1415555,0.033885513
Test_4,1.4185907e-06,0,0.99999845,9.034855e-08
Test_5,0.6087998,0,0.25975797,0.1314422
Test_6,0.20321153,0,0.084682435,0.71210605
Test_7,0.0011407951,0,0.005809937,0.99304926
Test_8,0.77685773,0,0.15328825,0.06985395
Test_9,0.16783062,0,0.6967301,0.13543928
Test_10,0.8724518,0,0.093853906,0.033694316
Test_11,0.5748718,0,0.3378599,0.087268315
Test_12,0.19303578,0,0.3193794,0.4875848
Test_13,0.38218626,0,0.41209754,0.20571616
Test_14,1.36851815e-11,0,1.0,3.1089172e-13
Test_15,0.12053029,0,0.8524534,0.027016308
Test_16,0.8491103,0,0.10902756,0.04186209
Test_17,0.054433595,0,0.92373466,0.021831676
Test_18,0.59673804,0,0.25911823,0.14414376
Test_19,0.0012055462,0,0.99793065,0.00086379953
Test_20,0.11261978,0,0.2642317,0.6231485
Test_21,0.98777336,0,0.010464642,0.0017620864
Test_22,0.00024254409,0,0.9997372,2.0280617e-05
Test_23,0.0009231554,0,0.0016219574,0.99745494
Test_24,0.024012022,0,0.8961328,0.07985519
Test_25,0.4564037,0,0.114776224,0.42882004
Test_26,0.15364973,0,0.22164084,0.6247094
Test_27,0.14678717,0,0.68741244,0.16580045
Test_28,0.61934483,0,0.27034095,0.110314175
Test_29,0.29624924,0,0.17585973,0.52789104
Test_30,0.6964971,0,0.25993592,0.043567054
Test_31,0.26647827,0,0.2799923,0.45352936
Test_32,0.42210966,0,0.27945137,0.298439
Test_33,0.020329507,0,0.046384275,0.93328625
Test_34,0.115584955,0,0.054936163,0.8294789
Test_35,0.00053537637,0,0.0014003824,0.9980642
Test_36,0.008639229,0,0.98811567,0.003245061
Test_37,0.0013274284,0,0.002371728,0.9963008
Test_38,0.002650161,0,0.0027048558,0.994645
Test_39,4.3129162e-08,0,1.0,3.6919803e-09
Test_40,0.2949603,0,0.57601494,0.1290248
Test_41,0.00067034306,0,0.99930716,2.256719e-05
Test_42,0.23506175,0,0.070069455,0.6948688
Test_43,0.98837054,0,0.010743567,0.00088589475
Test_44,0.2941963,0,0.26373705,0.4420667
Test_45,0.5020427,0,0.25915387,0.23880343
Test_46,0.47377425,0,0.37316135,0.15306439
Test_47,1.467595e-15,0,1.0,5.3249318e-18
Test_48,6.0623213e-09,0,1.0,1.1886502e-09
Test_49,2.2161923e-06,0,0.9999974,3.931361e-07
Test_50,6.4537294e-06,0,0.9999924,1.2185901e-06
Test_51,0.006800292,0,0.9913952,0.0018045221
Test_52,0.4767756,0,0.3563601,0.16686432
Test_53,5.629128e-05,0,0.99992883,1.4858815e-05
Test_54,0.2538882,0,0.18588376,0.56022805
Test_55,4.2931206e-06,0,1.1947202e-05,0.9999838
Test_56,0.29498395,0,0.27713585,0.42788023
Test_57,0.51125777,0,0.4031005,0.08564172
Test_58,0.006973815,0,0.018362122,0.97466403
Test_59,0.09870532,0,0.8624354,0.038859274
Test_60,3.4699424e-05,0,0.00020468824,0.99976057
Test_61,0.25905675,0,0.6832533,0.057690002
Test_62,0.005437774,0,0.018782692,0.97577953
Test_63,0.056908574,0,0.027847823,0.9152436
Test_64,0.5123905,0,0.39184538,0.095764145
Test_65,0.4599791,0,0.34688956,0.19313137
Test_66,0.43738863,0,0.17032322,0.3922882
Test_67,8.869022e-21,0,1.0,5.2185764e-24
Test_68,0.008360555,0,0.026464848,0.96517456
Test_69,0.098707154,0,0.81242263,0.088870235
Test_70,0.07663407,0,0.8593908,0.06397512
Test_71,1.4765743e-06,0,0.99999833,2.1458608e-07
Test_72,0.04784647,0,0.7110526,0.24110098
Test_73,0.6501062,0,0.27853453,0.0713593
Test_74,0.7288829,0,0.18756926,0.08354774
Test_75,0.1156426,0,0.8391186,0.045238793
Test_76,0.9542901,0,0.039193783,0.00651607
Test_77,2.2538068e-05,0,0.99997544,2.0544476e-06
Test_78,0.04807561,0,0.7981476,0.15377678
Test_79,0.33047053,0,0.36142823,0.30810124
Test_80,0.022641804,0,0.06099684,0.91636133
Test_81,0.16056861,0,0.71183777,0.1275936
Test_82,0.00016627372,0,0.9997631,7.064437e-05
Test_83,3.8060282e-06,0,0.9999956,6.3701754e-07
Test_84,0.7474833,0,0.12853341,0.12398335
Test_85,0.37598228,0,0.10414328,0.51987445
Test_86,0.44587865,0,0.511291,0.042830266
Test_87,0.7059536,0,0.18661794,0.107428476
Test_88,0.003143402,0,0.0029119898,0.9939446
Test_89,0.40890318,0,0.2695678,0.32152903
Test_90,0.00350931,0,0.995231,0.0012597237
Test_91,0.7548593,0,0.20057261,0.04456814
Test_92,0.742528,0,0.21833555,0.039136402
Test_93,0.42076522,0,0.2585622,0.3206725
Test_94,0.0009324345,0,0.0031998714,0.9958677
Test_95,0.49998724,0,0.3028547,0.19715813
Test_96,0.17621045,0,0.3072766,0.51651293
Test_97,0.296336,0,0.48671705,0.216947
Test_98,0.458978,0,0.30825084,0.23277108
Test_99,0.08278291,0,0.3910218,0.52619535
Test_100,0.025977435,0,0.032858133,0.94116443
Test_101,0.092349,0,0.8883087,0.019342275
Test_102,0.11870424,0,0.13776033,0.7435354
Test_103,0.11188082,0,0.08323064,0.80488855
Test_104,5.658458e-08,0,2.5188378e-06,0.9999974
Test_105,0.70343035,0,0.13967162,0.15689802
Test_106,0.976719,0,0.019081566,0.0041994015
Test_107,2.5604509e-08,0,1.0,6.7901897e-09
Test_108,0.003208112,0,0.011648924,0.985143
Test_109,0.6637504,0,0.17539126,0.16085829
Test_110,0.006092037,0,0.0011035195,0.99280447
Test_111,0.92609733,0,0.060366787,0.0135358
Test_112,3.580534e-05,0,0.999956,8.190239e-06
Test_113,0.06281905,0,0.052608043,0.88457286
Test_114,0.07594176,0,0.31844783,0.6056104
Test_115,0.011518159,0,0.017244859,0.971237
Test_116,5.69916e-07,0,0.9999993,6.488555e-08
Test_117,0.0035450386,0,0.9951931,0.0012618507
Test_118,0.010900325,0,0.98771477,0.0013848622
Test_119,0.5374526,0,0.377986,0.08456139
Test_120,1.863727e-05,0,0.9999784,2.9909947e-06
Test_121,0.40943,0,0.50248,0.08809001
Test_122,0.00749163,0,0.9909458,0.0015624742
Test_123,0.0002572135,0,0.9996233,0.00011948507
Test_124,3.5965875e-06,0,6.604767e-06,0.99998975
Test_125,0.20370679,0,0.22215112,0.5741421
Test_126,0.9254516,0,0.06983737,0.004711029
Test_127,0.41940296,0,0.22730513,0.35329196
Test_128,0.23222417,0,0.6237234,0.14405245
Test_129,0.49364045,0,0.28533283,0.2210267
Test_130,2.3309562e-06,0,6.557822e-06,0.99999106
Test_131,0.0005884631,0,0.0015526295,0.99785894
Test_132,0.8824224,0,0.09005208,0.027525507
Test_133,1.622042e-05,0,6.1105035e-05,0.99992263
Test_134,0.051199585,0,0.08141381,0.86738664
Test_135,0.11458137,0,0.8606783,0.0247403
Test_136,6.3947127e-06,0,2.016209e-05,0.9999734
Test_137,2.1808468e-10,0,1.0,3.852521e-12
Test_138,0.24470139,0,0.5956229,0.15967573
Test_139,0.99900633,0,0.00094985304,4.382971e-05
Test_140,0.26139012,0,0.63008803,0.10852184
Test_141,0.11836646,0,0.03816456,0.843469
Test_142,0.36762702,0,0.20322287,0.42915013
Test_143,0.81823313,0,0.07481601,0.106950834
Test_144,0.82361597,0,0.1496112,0.026772857
Test_145,0.49543977,0,0.34084943,0.16371082
Test_146,3.8429864e-09,0,1.0,1.8928058e-10
Test_147,0.034816556,0,0.95856476,0.0066187712
Test_148,0.4133863,0,0.34605536,0.24055834
Test_149,9.364817e-06,0,0.9999901,4.6518886e-07
Test_150,0.1632572,0,0.17561452,0.6611283
Test_151,4.243938e-08,0,1.0,2.8813452e-09
Test_152,0.0014157165,0,0.9978957,0.00068849017
Test_153,0.0022033488,0,0.0032832823,0.9945134
Test_154,0.09740576,0,0.8682408,0.03435351
Test_155,0.4188902,0,0.28123823,0.29987153
Test_156,0.54910386,0,0.10326338,0.3476328
Test_157,0.90947706,0,0.07825764,0.012265317
Test_158,2.2981208e-08,0,1.9809671e-07,0.99999976
Test_159,0.93387884,0,0.06558197,0.0005391473
Test_160,0.55009335,0,0.2505113,0.19939536
Test_161,0.058556672,0,0.05479053,0.8866528
Test_162,1.5103642e-07,0,0.9999999,7.2343247e-09
Test_163,0.12618344,0,0.12612179,0.74769473
Test_164,0.18774702,0,0.15330674,0.6589462
Test_165,0.004188925,0,0.0050945044,0.9907165
Test_166,0.012256886,0,0.98017645,0.0075666355
Test_167,0.8088541,0,0.18774965,0.0033962498
Test_168,0.06089789,0,0.9262201,0.012882001
Test_169,0.15644583,0,0.8175511,0.026003093
Test_170,0.45670098,0,0.38164553,0.16165347
Test_171,1.432095e-15,0,1.0,9.403945e-18
Test_172,0.0011426834,0,0.99843484,0.0004223571
Test_173,1.9008219e-07,0,0.99999976,2.8669778e-08
Test_174,0.20370416,0,0.6673385,0.1289573
Test_175,0.71943945,0,0.15080273,0.12975778
Test_176,0.7973551,0,0.14354602,0.059098892
Test_177,0.0008621974,0,0.002052557,0.9970853
Test_178,6.227063e-06,0,1.3883654e-05,0.99997985
Test_179,0.0003830724,0,0.9995591,5.777505e-05
Test_180,0.3815386,0,0.44170925,0.17675218
Test_181,9.20269e-05,0,0.00025820587,0.99964976
Test_182,0.00042232743,0,0.99947935,9.828995e-05
Test_183,0.56815255,0,0.3867847,0.045062743
Test_184,0.35441232,0,0.3296044,0.3159832
Test_185,0.17597218,0,0.21345396,0.6105739
Test_186,0.003546693,0,0.004322728,0.9921306
Test_187,0.2776602,0,0.7001737,0.022166157
Test_188,0.0017565737,0,0.9978397,0.00040371425
Test_189,0.92756206,0,0.06059859,0.011839364
Test_190,0.76965195,0,0.17021857,0.060129527
Test_191,1.0090834e-08,0,1.0,7.413596e-10
Test_192,0.923264,0,0.06915282,0.007583135
Test_193,0.0032559352,0,0.99486536,0.0018787391
Test_194,8.554106e-05,0,0.99989915,1.52002885e-05
Test_195,0.2651302,0,0.48469016,0.2501797
Test_196,0.0002999694,0,0.0017801113,0.99792
Test_197,7.242431e-05,0,0.9999207,6.812226e-06
Test_198,0.00020986785,0,0.0010606754,0.9987294
Test_199,0.0642048,0,0.9044296,0.0313656
Test_200,0.0060344506,0,0.991215,0.0027506137
Test_201,0.011496497,0,0.011604962,0.9768985
Test_202,2.0607411e-05,0,0.9999771,2.2082427e-06
Test_203,0.0027696507,0,0.9961486,0.0010818252
Test_204,0.13882813,0,0.21668848,0.6444834
Test_205,0.42882586,0,0.07689859,0.49427548
Test_206,0.00026148377,0,0.0006387746,0.99909973
Test_207,0.10039914,0,0.7480667,0.1515342
Test_208,0.18838203,0,0.14792351,0.66369444
Test_209,0.00020609432,0,0.99975234,4.1603438e-05
Test_210,0.06460074,0,0.23025244,0.70514685
Test_211,0.069868095,0,0.12187204,0.8082599
Test_212,0.75017166,0,0.17386654,0.075961836
Test_213,0.0021888558,0,0.021989305,0.9758219
Test_214,5.434644e-09,0,1.0,1.4974526e-10
Test_215,0.58033705,0,0.20017853,0.21948445
Test_216,0.6440097,0,0.21137527,0.14461498
Test_217,0.0041891793,0,0.013426177,0.9823846
Test_218,0.9687724,0,0.028762978,0.0024646556
Test_219,0.6234193,0,0.364542,0.0120386565
Test_220,0.00010428335,0,0.00051439006,0.9993813
Test_221,0.7410072,0,0.17285366,0.08613912
Test_222,9.170261e-05,0,0.9998944,1.392612e-05
Test_223,0.0010261835,0,0.99890447,6.936188e-05
Test_224,0.032114383,0,0.9594609,0.008424736
Test_225,0.9741444,0,0.023535622,0.0023200444
Test_226,0.4610841,0,0.36045063,0.1784653
Test_227,0.5249029,0,0.29253143,0.18256575
Test_228,1.1769348e-07,0,0.9999999,4.740108e-09
Test_229,2.8830764e-06,0,0.9999964,7.7130807e-07
Test_230,0.04547323,0,0.03994438,0.9145824
Test_231,0.00034430856,0,0.001690193,0.9979656
Test_232,0.7772573,0,0.18436399,0.038378663
Test_233,0.18647324,0,0.6999155,0.11361123
Test_234,0.29537535,0,0.63638234,0.06824235
Test_235,0.004064398,0,0.010465424,0.9854702
Test_236,0.6616765,0,0.13902137,0.19930214
Test_237,4.8194717e-05,0,0.0003154151,0.9996364
Test_238,0.0045950995,0,0.9938013,0.0016035972
Test_239,1.2736466e-05,0,0.9999852,1.9683598e-06
Test_240,0.27916232,0,0.66768736,0.053150345
Test_241,3.2328784e-10,0,1.0,3.9183375e-11
Test_242,0.9751403,0,0.022025762,0.0028339766
Test_243,0.92050934,0,0.0735901,0.00590057
Test_244,0.48976043,0,0.24254648,0.26769304
Test_245,0.18075247,0,0.65165967,0.16758782
Test_246,0.00040444138,0,0.0007628218,0.99883276
Test_247,9.406654e-07,0,1.786828e-05,0.99998116
Test_248,0.2582794,0,0.1458049,0.5959156
Test_249,0.0009359408,0,0.99847263,0.000591451
Test_250,0.8518524,0,0.10610274,0.042044822
Test_251,0.7475497,0,0.17467363,0.07777667
Test_252,0.099644035,0,0.88328177,0.01707413
Test_253,0.0014648506,0,0.004183503,0.9943516
Test_254,0.21923432,0,0.49658525,0.28418046
Test_255,0.013897115,0,0.01654565,0.9695572
Test_256,1.8585679e-05,0,0.00010379841,0.9998776
Test_257,0.69671047,0,0.27940592,0.023883618
Test_258,0.018320395,0,0.9716107,0.010068895
Test_259,0.4111061,0,0.4453353,0.14355864
Test_260,0.10888104,0,0.5129045,0.37821442
Test_261,0.05668316,0,0.1463315,0.79698527
Test_262,0.54812163,0,0.24874173,0.20313658
Test_263,0.90031976,0,0.072394036,0.027286192
Test_264,0.6707542,0,0.24736962,0.081876226
Test_265,0.015592948,0,0.9730191,0.011387924
Test_266,6.904935e-08,0,9.922716e-07,0.9999989
Test_267,0.91928047,0,0.07542912,0.0052904366
Test_268,8.274411e-07,0,0.9999988,3.3432664e-07
Test_269,0.3861702,0,0.5487546,0.06507522
Test_270,0.39337265,0,0.2085451,0.39808226
Test_271,0.481292,0,0.20111255,0.31759545
Test_272,0.2082259,0,0.6410727,0.15070136
Test_273,0.8188131,0,0.11481055,0.06637631
Test_274,6.770469e-06,0,0.99999297,2.3468185e-07
Test_275,0.0972,0,0.106747344,0.7960527
Test_276,0.00020937719,0,0.0011920651,0.9985985
Test_277,0.0423974,0,0.033426825,0.9241758
Test_278,4.881881e-05,0,0.00022205757,0.9997291
Test_279,0.16072428,0,0.80487204,0.034403723
Test_280,6.1475206e-05,0,9.978981e-05,0.9998387
Test_281,0.018077614,0,0.04584863,0.9360737
Test_282,0.23506495,0,0.19689406,0.56804097
Test_283,0.23081312,0,0.6328925,0.13629436
Test_284,0.0018933243,0,0.99723583,0.00087091175
Test_285,0.017674148,0,0.008046156,0.97427976
Test_286,0.014431548,0,0.018475195,0.9670933
Test_287,0.55851203,0,0.40208647,0.039401535
Test_288,0.00016065786,0,0.0006761163,0.99916327
Test_289,0.00027694833,0,0.00027573103,0.9994473
Test_290,0.16503172,0,0.73090094,0.10406734
Test_291,4.79327e-05,0,0.99994516,6.8900067e-06
Test_292,0.24783494,0,0.642527,0.10963811
Test_293,0.7004115,0,0.18704727,0.11254127
Test_294,0.4493916,0,0.28353482,0.2670735
Test_295,0.61945593,0,0.3324307,0.048113376
Test_296,0.52807933,0,0.34796914,0.123951524
Test_297,0.00031179073,0,0.0032039464,0.9964843
Test_298,0.0005009461,0,0.99872893,0.0007700933
Test_299,0.0033799515,0,0.0048034904,0.9918166
Test_300,0.7643585,0,0.121497296,0.11414416
Test_301,0.8425109,0,0.12626481,0.03122431
Test_302,0.002200445,0,0.16103825,0.83676136
Test_303,0.3168926,0,0.32068285,0.3624246
Test_304,0.53369224,0,0.26213238,0.20417543
Test_305,0.04167708,0,0.0498107,0.90851223
Test_306,0.24614634,0,0.5285524,0.22530133
Test_307,0.44072807,0,0.33588034,0.22339168
Test_308,0.008829842,0,0.08217387,0.90899634
Test_309,8.1318985e-06,0,0.9999895,2.333201e-06
Test_310,0.06826864,0,0.90079427,0.030937012
Test_311,0.017447418,0,0.030633334,0.9519192
Test_312,0.006859721,0,0.03332282,0.95981747
Test_313,0.005994189,0,0.015826494,0.9781794
Test_314,0.23673806,0,0.032582566,0.73067933
Test_315,0.0010293698,0,0.0010765262,0.9978941
Test_316,0.487635,0,0.36292264,0.14944234
Test_317,0.28339374,0,0.6639496,0.05265667
Test_318,2.5664718e-05,0,3.986483e-05,0.99993443
Test_319,3.264057e-05,0,0.9999386,2.8709106e-05
Test_320,0.041234132,0,0.94040203,0.01836383
Test_321,0.29319182,0,0.57561374,0.13119443
Test_322,0.5496399,0,0.3116755,0.13868462
Test_323,0.4605095,0,0.18064243,0.3588481
Test_324,5.804014e-13,0,1.0,1.0393045e-14
Test_325,0.023118176,0,0.02548851,0.9513933
Test_326,0.06451281,0,0.91745496,0.01803221
Test_327,0.09395152,0,0.094291024,0.81175745
Test_328,0.39567265,0,0.41843176,0.18589559
Test_329,0.17680387,0,0.7756413,0.047554787
Test_330,2.4527733e-10,0,1.0,2.0991119e-11
Test_331,0.032600276,0,0.037453305,0.9299464
Test_332,0.2987669,0,0.367509,0.33372405
Test_333,0.0023119003,0,0.9974589,0.00022929686
Test_334,6.325155e-10,0,1.0,1.1285823e-11
Test_335,0.9467306,0,0.036268953,0.017000409
Test_336,0.3347277,0,0.43070728,0.23456505
Test_337,0.54076225,0,0.10888275,0.350355
Test_338,0.36917913,0,0.43920642,0.19161448
Test_339,0.20732008,0,0.38905457,0.4036253
Test_340,0.4638094,0,0.4511426,0.085048035
Test_341,0.29646853,0,0.22503008,0.4785014
Test_342,0.9841299,0,0.013937571,0.0019325651
Test_343,0.8385275,0,0.12742795,0.034044575
Test_344,9.10712e-12,0,1.0,1.055092e-13
Test_345,1.7870942e-06,0,0.9999981,7.950951e-08
Test_346,1.9992635e-06,0,0.9999976,3.7201582e-07
Test_347,6.135462e-06,0,0.99999297,9.905572e-07
Test_348,0.009661394,0,0.012670307,0.9776683
Test_349,0.18262407,0,0.109045856,0.7083301
Test_350,0.00031225625,0,0.0006644662,0.9990233
Test_351,1.7286252e-20,0,1.0,5.8632447e-23
Test_352,0.3261188,0,0.34741393,0.32646737
Test_353,0.35899648,0,0.19147721,0.44952628
Test_354,0.71513975,0,0.13766196,0.14719827
Test_355,0.04164225,0,0.08327633,0.8750815
Test_356,0.83489704,0,0.11042919,0.054673683
Test_357,0.9908241,0,0.00814634,0.0010295775
Test_358,0.37596825,0,0.5398292,0.08420257
Test_359,4.1007215e-06,0,1.1264512e-05,0.9999846
Test_360,0.016960379,0,0.013377094,0.96966255
Test_361,0.60048866,0,0.23885064,0.16066073
Test_362,0.8825543,0,0.08056474,0.036881022
Test_363,0.0011793815,0,0.9986595,0.00016111207
Test_364,2.1767778e-06,0,0.99999774,1.7259048e-07
Test_365,0.3994049,0,0.54052913,0.060065974
Test_366,2.0680367e-05,0,0.9999769,2.456317e-06
Test_367,1.9195381e-06,0,1.7670745e-05,0.99998045
Test_368,0.9475275,0,0.047266394,0.0052060434
Test_369,0.0006903607,0,0.0017515803,0.997558
Test_370,1.5744066e-06,0,0.99999833,1.74118e-07
Test_371,0.23986003,0,0.6209815,0.13915843
Test_372,0.0037085975,0,0.994643,0.0016484266
Test_373,3.6698918e-07,0,0.99999964,3.127212e-08
Test_374,3.6397505e-09,0,1.0,5.3623047e-11
Test_375,8.0238766e-05,0,0.00042588369,0.99949384
Test_376,0.20934987,0,0.16284469,0.6278054
Test_377,0.28627023,0,0.5741742,0.13955557
Test_378,0.47531262,0,0.44252813,0.08215928
Test_379,0.06387869,0,0.8947322,0.04138917
Test_380,0.5124479,0,0.23341812,0.25413394
Test_381,0.49909037,0,0.3589726,0.14193697
Test_382,0.1990824,0,0.24557126,0.55534637
Test_383,0.21397695,0,0.090387166,0.6956359
Test_384,0.00029414124,0,0.99965787,4.8030335e-05
Test_385,0.032545008,0,0.9467036,0.020751344
Test_386,0.27869633,0,0.3543863,0.36691734
Test_387,0.3982654,0,0.36437318,0.23736145
Test_388,0.7434388,0,0.08730088,0.1692604
Test_389,0.6141526,0,0.2727524,0.11309495
Test_390,0.36843193,0,0.18063527,0.4509328
Test_391,9.2636605e-05,0,0.9999056,1.8045562e-06
Test_392,6.349672e-09,0,1.0,2.73224e-10
Test_393,0.011457525,0,0.019571656,0.96897084
Test_394,0.27363443,0,0.024020866,0.70234466
Test_395,0.00299804,0,0.9961934,0.000808621
Test_396,0.21108083,0,0.23904762,0.54987156
Test_397,7.487152e-05,0,0.0003943449,0.9995308
Test_398,8.450084e-11,0,1.0,2.935739e-12
Test_399,0.59105355,0,0.18608685,0.22285967
Test_400,0.14980514,0,0.7771657,0.07302908
Test_401,0.0013157164,0,0.9985318,0.00015243763
Test_402,0.09439566,0,0.77973664,0.12586772
Test_403,0.20404285,0,0.5433362,0.2526209
Test_404,0.066774465,0,0.7265343,0.20669124
Test_405,8.661267e-06,0,4.738519e-05,0.999944
Test_406,6.63769e-08,0,5.903727e-07,0.9999993
Test_407,0.050831795,0,0.82897836,0.120189846
Test_408,1.2490353e-06,0,8.672711e-06,0.9999901
Test_409,0.26563776,0,0.6044817,0.12988055
Test_410,0.6219977,0,0.18499155,0.19301073
Test_411,0.6762068,0,0.2636696,0.06012355
Test_412,0.023533255,0,0.96451026,0.011956543
Test_413,0.5856954,0,0.39441794,0.019886654
Test_414,8.62689e-08,0,0.9999999,1.3030468e-08
Test_415,2.882248e-08,0,1.0,1.6922796e-09
Test_416,0.15147494,0,0.48741442,0.36111063
Test_417,0.5433173,0,0.36119872,0.09548394
Test_418,0.10110618,0,0.85137266,0.047521193
Test_419,0.027423747,0,0.97038954,0.002186721
Test_420,0.00016358364,0,0.9998105,2.6025706e-05
Test_421,0.033191267,0,0.05947501,0.90733373
Test_422,0.11778546,0,0.11122778,0.7709868
Test_423,8.1001144e-07,0,0.99999905,8.5461586e-08
Test_424,0.17576468,0,0.10423767,0.7199977
Test_425,0.4418663,0,0.36404148,0.19409223
Test_426,6.232344e-10,0,1.0,1.31800005e-11
Test_427,2.8435267e-09,0,2.3465518e-08,1.0
Test_428,1.3486031e-07,0,1.0675897e-06,0.9999988
Test_429,0.0002627756,0,0.9996531,8.4186046e-05
Test_430,0.8402345,0,0.13594916,0.023816383
Test_431,0.49635863,0,0.29340583,0.21023554
Test_432,0.0071652154,0,0.013181928,0.9796529
Test_433,1.010099e-07,0,1.5191325e-06,0.99999833
Test_434,5.277778e-07,0,5.6716963e-06,0.9999938
Test_435,0.33747476,0,0.2010166,0.46150863
Test_436,0.47453368,0,0.44964662,0.07581966
Test_437,1.0074944e-09,0,1.0,1.2346092e-11
Test_438,0.044380456,0,0.93690103,0.018718535
Test_439,0.47724625,0,0.45469517,0.068058565
Test_440,0.1947991,0,0.77455306,0.030647812
Test_441,0.30575895,0,0.6126182,0.081622854
Test_442,0.002793302,0,0.9963027,0.00090395845
Test_443,0.101640694,0,0.13074091,0.76761836
Test_444,0.94913095,0,0.038077053,0.012792016
Test_445,0.0046266452,0,0.99360126,0.0017720561
Test_446,0.3071836,0,0.43529996,0.25751644
Test_447,0.35912865,0,0.58102405,0.059847336
Test_448,0.0014994725,0,0.9975395,0.0009609491
Test_449,0.00016886239,0,0.0007837221,0.99904746
Test_450,0.54014295,0,0.40941232,0.050444685
Test_451,2.4705462e-06,0,0.99999666,8.487863e-07
Test_452,0.60163814,0,0.37284097,0.025520857
Test_453,0.47247556,0,0.34140298,0.18612145
Test_454,0.22585861,0,0.6859712,0.088170215
Test_455,0.00018337379,0,0.00021337501,0.99960333
Test_456,0.08190272,0,0.8939609,0.024136413
Test_457,0.04231051,0,0.053920787,0.9037688
Test_458,0.6759588,0,0.18457757,0.13946368
Test_459,1.3713897e-11,0,1.0,6.0093976e-13
Test_460,0.02309503,0,0.018432971,0.95847195
Test_461,0.0044459365,0,0.04187269,0.95368135
Test_462,0.026151443,0,0.07105071,0.9027978
Test_463,0.10676967,0,0.095083535,0.79814684
Test_464,0.5487392,0,0.39439505,0.056865796
Test_465,2.8292198e-11,0,1.0,4.893785e-13
Test_466,0.11037124,0,0.82888,0.06074882
Test_467,0.059238117,0,0.18423815,0.7565238
Test_468,0.459531,0,0.35848108,0.18198791
Test_469,5.871392e-08,0,1.0,3.5265155e-09
Test_470,1.2554215e-06,0,1.38951555e-05,0.99998486
Test_471,0.22754595,0,0.62016726,0.15228683
Test_472,0.5247524,0,0.3186732,0.15657447
Test_473,0.25946757,0,0.24255964,0.49797276
Test_474,3.6985514e-07,0,0.99999964,3.7895745e-08
Test_475,0.0034275234,0,0.012135354,0.9844371
Test_476,0.16617869,0,0.08819631,0.745625
Test_477,1.0634624e-05,0,4.5975394e-05,0.9999434
Test_478,0.0041851886,0,0.013180902,0.9826339
Test_479,0.40093645,0,0.2527867,0.3462769
Test_480,0.016738635,0,0.92584527,0.057416126
Test_481,0.51876235,0,0.27796143,0.2032762
Test_482,0.0021809612,0,0.004259162,0.99355984
Test_483,0.0014227412,0,0.9981547,0.00042257935
Test_484,0.95901227,0,0.036238257,0.004749434
Test_485,0.8402088,0,0.11536145,0.044429667
Test_486,1.5530548e-05,0,7.723096e-05,0.99990726
Test_487,0.8469502,0,0.112224214,0.040825613
Test_488,0.8305681,0,0.10390138,0.06553056
Test_489,4.9264797e-09,0,1.0,6.277094e-10
Test_490,0.0009879414,0,0.9988508,0.000161227
Test_491,2.1113142e-07,0,0.99999976,1.2316262e-08
Test_492,0.022312254,0,0.041754924,0.9359329
Test_493,0.11400092,0,0.36255923,0.5234398
Test_494,0.06078108,0,0.90459484,0.034624137
Test_495,0.01596971,0,0.025072869,0.9589575
Test_496,0.55297977,0,0.23457946,0.21244077
Test_497,0.63634485,0,0.2605445,0.103110686
Test_498,0.908859,0,0.0667367,0.024404299
Test_499,0.004643174,0,0.9951284,0.00022842451
Test_500,0.42196804,0,0.439554,0.1384779
Test_501,0.98562104,0,0.0140548935,0.00032405407
Test_502,0.053734276,0,0.93188566,0.014380127
Test_503,0.0035749064,0,0.99502605,0.0013990266
Test_504,0.9104454,0,0.03350338,0.056051325
Test_505,4.851398e-08,0,3.2231173e-07,0.99999964
Test_506,9.870517e-08,0,0.9999999,1.198986e-08
Test_507,0.15685262,0,0.7927955,0.050351903
Test_508,0.000114678216,0,0.9998074,7.792115e-05
Test_509,0.0015707486,0,0.9977857,0.0006434663
Test_510,0.029696256,0,0.030589357,0.93971443
Test_511,3.5413766e-10,0,1.9510823e-08,1.0
Test_512,0.77138585,0,0.18548323,0.04313089
Test_513,0.05164529,0,0.023958484,0.9243962
Test_514,0.23368922,0,0.20161156,0.56469923
Test_515,2.7864013e-09,0,1.0,7.910248e-11
Test_516,6.59426e-05,0,0.99989057,4.3494092e-05
Test_517,8.341983e-05,0,0.00050396525,0.99941266
Test_518,0.0009736324,0,0.0026887965,0.99633753
Test_519,0.1862143,0,0.11792902,0.6958567
Test_520,0.0029967658,0,0.0047961907,0.9922071
Test_521,0.6991128,0,0.22955339,0.0713338
Test_522,5.174064e-05,0,0.9999385,9.776886e-06
Test_523,0.003409474,0,0.9955395,0.0010509753
Test_524,0.12944534,0,0.73133045,0.13922422
Test_525,0.364059,0,0.56327003,0.07267093
Test_526,0.077671535,0,0.14070874,0.78161967
Test_527,0.014723584,0,0.9816491,0.0036272642
Test_528,0.00058553496,0,0.9993711,4.3406617e-05
Test_529,0.623459,0,0.21606652,0.1604745
Test_530,0.63341033,0,0.28864914,0.077940494
Test_531,0.008273401,0,0.9892201,0.0025064931
Test_532,0.7228725,0,0.21585123,0.061276272
Test_533,0.4567061,0,0.23769191,0.30560198
Test_534,0.00010167533,0,0.0007985381,0.99909985
Test_535,1.6831087e-09,0,1.0,2.4491069e-11
Test_536,7.748784e-05,0,0.99991107,1.1451616e-05
Test_537,2.020415e-14,0,1.0,4.9369104e-17
Test_538,3.2621832e-05,0,0.00018917529,0.9997782
Test_539,0.00019436938,0,0.9997993,6.284986e-06
Test_540,5.299294e-05,0,0.9999373,9.705574e-06
Test_541,0.21720748,0,0.73922235,0.043570198
Test_542,0.98942775,0,0.008664008,0.0019081743
Test_543,0.0912101,0,0.12817389,0.78061604
Test_544,0.41768697,0,0.18101661,0.40129638
Test_545,0.07548873,0,0.19222486,0.7322864
Test_546,0.09363035,0,0.08251935,0.82385033
Test_547,0.08824533,0,0.8698968,0.04185785
Test_548,0.04826854,0,0.8417504,0.10998117
Test_549,0.47979504,0,0.1205915,0.39961338
Test_550,4.7441476e-06,0,2.615505e-05,0.9999691
Test_551,0.99368286,0,0.0062054764,0.000111744055
Test_552,0.0005446829,0,0.0015154586,0.9979399
Test_553,0.06391908,0,0.13640037,0.79968053
Test_554,0.26018894,0,0.31155556,0.42825547
Test_555,0.364847,0,0.13087381,0.5042792
Test_556,0.77740425,0,0.13988766,0.082708076
Test_557,0.087052435,0,0.87051237,0.042435244
Test_558,0.087499395,0,0.8022395,0.11026121
Test_559,0.5438141,0,0.26474532,0.19144055
Test_560,6.817441e-05,0,0.99991786,1.3925119e-05
Test_561,0.0025324074,0,0.0053707836,0.9920968
Test_562,0.5656104,0,0.22714904,0.2072405
Test_563,0.5312001,0,0.33822912,0.13057074
Test_564,0.05663604,0,0.04228367,0.9010803
Test_565,8.039089e-06,0,0.9999912,8.235929e-07
Test_566,0.046094794,0,0.92380106,0.030104157
Test_567,0.0007653652,0,0.0026181953,0.9966164
Test_568,0.89835757,0,0.08329408,0.018348414
Test_569,0.03627942,0,0.94872826,0.014992247
Test_570,0.036144685,0,0.86066717,0.103188105
Test_571,0.054000422,0,0.94547653,0.00052304845
Test_572,0.7360748,0,0.18415265,0.07977258
Test_573,0.3840703,0,0.23435293,0.3815768
Test_574,0.08072507,0,0.078919075,0.8403559
Test_575,0.04066825,0,0.048170462,0.91116124
Test_576,0.12741686,0,0.20052864,0.67205447
Test_577,0.012644288,0,0.021805907,0.9655498
Test_578,0.0017899766,0,0.003269527,0.9949405
Test_579,0.36157528,0,0.4034311,0.23499362
Test_580,0.00010833603,0,0.99986947,2.2158702e-05
Test_581,0.56629014,0,0.33590472,0.09780518
Test_582,0.57154685,0,0.3267791,0.101674
Test_583,0.77814186,0,0.1115647,0.11029345
Test_584,1.634564e-05,0,0.99998367,4.2441517e-08
Test_585,0.0023777655,0,0.9971934,0.0004288421
Test_586,0.9069838,0,0.059236757,0.033779442
Test_587,5.7832978e-08,0,1.0,6.073848e-09
Test_588,0.00056622067,0,0.99940133,3.2355765e-05
Test_589,0.020119296,0,0.97162,0.008260609
Test_590,0.8617575,0,0.12176687,0.016475596
Test_591,0.7672439,0,0.15844676,0.074309245
Test_592,0.10072523,0,0.040094648,0.8591801
Test_593,0.032066412,0,0.94891363,0.019020008
Test_594,0.5709215,0,0.23013762,0.19894087
Test_595,0.0002134463,0,0.00080234197,0.99898416
Test_596,0.5235733,0,0.2691838,0.20724294
Test_597,0.0006506142,0,0.0011498351,0.99819946
Test_598,0.21991898,0,0.7212895,0.058791507
Test_599,0.0010165906,0,0.0077595674,0.9912238
Test_600,0.02050255,0,0.9552386,0.024258895
Test_601,0.004507185,0,0.024623606,0.9708692
Test_602,0.0010251298,0,0.0042728204,0.99470204
Test_603,0.08996872,0,0.18730853,0.7227227
Test_604,0.13593632,0,0.039059732,0.8250039
Test_605,0.86779946,0,0.10957232,0.022628175
Test_606,0.29487154,0,0.1408765,0.56425196
Test_607,0.5588584,0,0.31766582,0.12347578
Test_608,0.052411217,0,0.40345213,0.5441367
Test_609,0.51877034,0,0.1486908,0.33253884
Test_610,0.07609936,0,0.3048516,0.6190491
Test_611,0.95251036,0,0.039401088,0.008088608
Test_612,7.6167616e-08,0,0.9999999,5.0402207e-09
Test_613,0.37246132,0,0.48021242,0.14732625
Test_614,0.0066357693,0,0.9926865,0.00067774975
Test_615,0.05262567,0,0.9362434,0.0111308275
Test_616,0.0011101913,0,0.00015900967,0.99873084
Test_617,0.24206077,0,0.13988905,0.61805016
Test_618,0.18766439,0,0.18117733,0.6311583
Test_619,0.6103574,0,0.2558466,0.13379602
Test_620,0.0005957215,0,0.99928313,0.000121096964
Test_621,0.20032324,0,0.1618036,0.6378731
Test_622,0.13832837,0,0.82580847,0.03586318
Test_623,0.122076154,0,0.27390385,0.60402
Test_624,0.12978004,0,0.72559255,0.14462739
Test_625,0.1807099,0,0.7583992,0.060890984
Test_626,0.60040796,0,0.31328508,0.08630698
Test_627,0.6809029,0,0.12745582,0.19164126
Test_628,0.3513087,0,0.31255338,0.33613795
Test_629,0.8755458,0,0.100625835,0.023828331
Test_630,0.9419941,0,0.049974933,0.008030965
Test_631,0.30043286,0,0.6218035,0.07776369
Test_632,0.85143626,0,0.087255105,0.061308622
Test_633,2.2331127e-05,0,0.99997234,5.3779486e-06
Test_634,0.009033516,0,0.04234827,0.9486182
Test_635,0.27311313,0,0.08846654,0.63842034
Test_636,0.11802842,0,0.17345273,0.70851886
Test_637,0.006723764,0,0.9921157,0.0011605661
Test_638,0.49957561,0,0.20397459,0.29644975
Test_639,0.018249245,0,0.97951335,0.0022373262
Test_640,1.2177046e-06,0,9.556319e-06,0.9999893
Test_641,1.5885242e-10,0,1.0,1.3822952e-12
Test_642,0.00016151612,0,0.00033535637,0.99950314
Test_643,0.37435487,0,0.50419956,0.12144561
Test_644,0.21030828,0,0.29481462,0.49487707
Test_645,0.87854916,0,0.09535883,0.026092002
Test_646,6.4254903e-12,0,1.0,1.7444103e-13
Test_647,0.34352246,0,0.19984534,0.45663217
Test_648,0.81818295,0,0.15627243,0.025544649
Test_649,0.41126287,0,0.48343936,0.105297804
Test_650,5.54215e-09,0,1.0,6.423818e-10
Test_651,3.3246178e-07,0,2.9538805e-06,0.99999666
Test_652,0.32249233,0,0.6604208,0.017086904
Test_653,0.8220074,0,0.13244945,0.045543145
Test_654,0.7706211,0,0.13906378,0.09031509
Test_655,1.6247357e-05,0,2.8706923e-05,0.99995506
Test_656,0.0038601418,0,0.00452984,0.99161
Test_657,0.00020951999,0,0.99975044,4.0022154e-05
Test_658,0.062858544,0,0.9215975,0.01554401
Test_659,0.23014878,0,0.5111423,0.2587089
Test_660,0.00014602602,0,0.99983156,2.243704e-05
Test_661,2.2039639e-13,0,2.8373205e-11,1.0
Test_662,1.616819e-05,0,0.00027275181,0.9997111
Test_663,1.0487726e-08,0,1.0,5.454528e-10
Test_664,4.0672955e-20,0,1.0,9.568569e-23
Test_665,0.0018648485,0,0.0065784054,0.99155676
Test_666,0.019538682,0,0.9778716,0.0025897082
Test_667,0.5322165,0,0.3411688,0.12661472
Test_668,0.3777164,0,0.5405288,0.08175476
Test_669,0.01839541,0,0.9734817,0.008122876
Test_670,7.6124925e-06,0,0.9999895,2.833026e-06
Test_671,0.2867302,0,0.28143498,0.43183476
Test_672,0.8004762,0,0.124486156,0.07503763
Test_673,0.026583195,0,0.9620045,0.011412324
Test_674,0.003987657,0,0.99475056,0.001261837
Test_675,0.87633115,0,0.11188555,0.011783319
Test_676,0.9853533,0,0.012575617,0.0020711555
Test_677,2.302162e-06,0,1.2018099e-05,0.9999857
Test_678,0.664823,0,0.18407625,0.15110081
Test_679,0.5913043,0,0.3093228,0.09937297
Test_680,0.1452124,0,0.6933678,0.1614198
Test_681,0.44959855,0,0.2810454,0.26935604
Test_682,0.39636344,0,0.18768096,0.41595563
Test_683,0.0880942,0,0.13400798,0.7778979
Test_684,0.0022858556,0,0.0035054882,0.9942087
Test_685,0.9939267,0,0.005606388,0.00046698423
Test_686,4.5548816e-07,0,1.1564558e-06,0.99999833
Test_687,0.771324,0,0.15741609,0.07125995
Test_688,0.0659748,0,0.8549752,0.079050034
Test_689,4.2388007e-07,0,1.9113781e-06,0.9999976
Test_690,0.024205174,0,0.040320765,0.93547404
Test_691,0.55803263,0,0.23610912,0.20585823
Test_692,0.11035561,0,0.8186741,0.07097032
Test_693,0.5763702,0,0.25401548,0.16961432
Test_694,0.00039912268,0,0.0005800637,0.9990208
Test_695,0.9109225,0,0.06333318,0.025744306
Test_696,4.20707e-06,0,0.99999535,5.3507046e-07
Test_697,5.7450513e-11,0,1.0,4.40016e-13
Test_698,0.75617677,0,0.22446518,0.019357981
Test_699,0.03711862,0,0.09284433,0.870037
Test_700,9.740039e-06,0,0.99998975,4.8026857e-07
Test_701,0.24628943,0,0.18721862,0.56649196
Test_702,0.35819504,0,0.27543065,0.36637428
Test_703,0.43749276,0,0.4584983,0.10400898
Test_704,1.2672e-13,0,1.0,1.8011554e-15
Test_705,0.03963183,0,0.94825435,0.012113734
Test_706,0.31481332,0,0.36182922,0.3233575
Test_707,0.02832592,0,0.08842646,0.8832476
Test_708,0.013091874,0,0.02235549,0.96455264
Test_709,5.2645517e-14,0,1.0,3.676732e-16
Test_710,0.5972027,0,0.3274339,0.07536342
Test_711,0.9760166,0,0.018695481,0.005287914
Test_712,0.23368979,0,0.16580252,0.6005077
Test_713,0.015142857,0,0.015063851,0.96979326
Test_714,0.3044771,0,0.2824485,0.41307437
Test_715,1.9705448e-12,0,1.0,5.64571e-15
Test_716,0.022187032,0,0.033819832,0.94399315
Test_717,0.058335476,0,0.88867974,0.052984845
Test_718,1.9149667e-07,0,0.99999976,2.2050454e-08
Test_719,0.5641833,0,0.28062594,0.15519083
Test_720,0.24112657,0,0.23999192,0.5188815
Test_721,0.34894463,0,0.3150953,0.3359601
Test_722,0.059637114,0,0.89862394,0.041738946
Test_723,0.85292953,0,0.12079306,0.026277402
Test_724,0.59965986,0,0.23585837,0.16448174
Test_725,0.7241598,0,0.15754077,0.118299395
Test_726,0.48255095,0,0.20586942,0.31157964
Test_727,0.7696135,0,0.20186861,0.028517826
Test_728,0.33947545,0,0.45961964,0.20090488
Test_729,0.70716536,0,0.18327077,0.10956386
Test_730,0.057798557,0,0.056022823,0.8861787
Test_731,0.0016700394,0,0.9980001,0.00032986037
Test_732,0.20321484,0,0.32346043,0.47332478
Test_733,0.1397812,0,0.13779701,0.72242177
Test_734,0.8787465,0,0.1024394,0.018814076
Test_735,0.5478584,0,0.2077618,0.24437977
Test_736,0.4534802,0,0.45446023,0.09205953
Test_737,0.5139767,0,0.37084246,0.11518087
Test_738,0.5971984,0,0.2896024,0.1131992
Test_739,0.00015225195,0,0.9998411,6.6616312e-06
Test_740,0.008537912,0,0.011528102,0.979934
Test_741,0.08210829,0,0.1613008,0.7565909
Test_742,0.06977372,0,0.18310753,0.7471187
Test_743,0.11232354,0,0.8448203,0.042856097
Test_744,0.3815323,0,0.17610773,0.44235995
Test_745,0.49437958,0,0.16593924,0.33968115
Test_746,0.6184524,0,0.31289035,0.06865723
Test_747,0.03781417,0,0.90117514,0.061010707
Test_748,0.16387193,0,0.49596623,0.34016186
Test_749,4.7574405e-05,0,0.00012211845,0.99983025
Test_750,0.5764603,0,0.19038363,0.2331561
Test_751,0.0031517101,0,0.9949065,0.0019416994
Test_752,0.06459487,0,0.068546936,0.8668581
Test_753,0.0065819165,0,0.011869017,0.9815491
Test_754,0.083612666,0,0.15534759,0.7610398
Test_755,0.49207544,0,0.32985747,0.17806712
Test_756,0.8344241,0,0.14456932,0.021006586
Test_757,0.190018,0,0.01218522,0.7977968
Test_758,0.5629367,0,0.35669103,0.0803722
Test_759,0.17278463,0,0.036626123,0.7905892
Test_760,0.33769432,0,0.62409616,0.03820956
Test_761,0.0072910306,0,0.007362167,0.9853468
Test_762,0.087780885,0,0.8954611,0.016758049
Test_763,5.0012728e-05,0,0.9999366,1.3382153e-05
Test_764,0.99453,0,0.005172597,0.00029732662
Test_765,0.5532238,0,0.21178298,0.23499328
Test_766,0.000948985,0,0.0029821282,0.99606884
Test_767,0.67783004,0,0.1945888,0.12758107
Test_768,0.43490836,0,0.1116967,0.45339495
Test_769,7.584381e-07,0,0.99999917,7.314143e-08
Test_770,0.0481089,0,0.055651754,0.8962394
Test_771,0.005275695,0,0.9934117,0.0013125595
Test_772,0.094934896,0,0.21311545,0.69194967
Test_773,0.05387312,0,0.9368505,0.009276318
Test_774,2.08712e-06,0,3.7997037e-05,0.99995995
Test_775,4.3592863e-09,0,1.0,3.0065306e-10
Test_776,0.43646133,0,0.3348823,0.22865637
Test_777,0.30008867,0,0.09370523,0.60620606
Test_778,0.43419412,0,0.42105123,0.14475468
Test_779,2.105331e-05,0,0.00010107247,0.9998778
Test_780,0.9923914,0,0.0072796186,0.00032902666
Test_781,0.45764944,0,0.2664724,0.2758782
Test_782,0.0003936862,0,0.9995265,7.981376e-05
Test_783,3.3069255e-06,0,0.99999607,5.5233704e-07
Test_784,0.35434964,0,0.48833087,0.1573195
Test_785,0.9603816,0,0.035951734,0.0036666882
Test_786,0.05087609,0,0.08847872,0.8606452
Test_787,0.018262109,0,0.9769686,0.0047693513
Test_788,0.08599074,0,0.08725072,0.82675856
Test_789,0.0010968616,0,0.99878544,0.00011774921
Test_790,0.00040285508,0,0.0016216437,0.9979755
Test_791,0.29601753,0,0.15170704,0.55227536
Test_792,0.004081733,0,0.9955491,0.00036922234
Test_793,6.4296285e-10,0,1.0,2.3576292e-11
Test_794,0.4626375,0,0.41942608,0.11793641
Test_795,0.0002279555,0,0.00093669083,0.9988354
Test_796,0.3171782,0,0.62969255,0.053129245
Test_797,0.98948973,0,0.007992799,0.0025173768
Test_798,0.009186054,0,0.98640555,0.0044083702
Test_799,0.0037290761,0,0.99601245,0.00025844402
Test_800,0.0014126849,0,0.9976446,0.0009427316
Test_801,0.00036113765,0,0.99960726,3.1565458e-05
Test_802,0.08385865,0,0.8976898,0.018451493
Test_803,0.21605809,0,0.4252521,0.3586898
Test_804,0.0046005123,0,0.00530658,0.99009293
Test_805,0.091690205,0,0.9053489,0.0029608102
Test_806,4.150147e-06,0,1.1495625e-05,0.9999844
Test_807,0.014352284,0,0.041454732,0.944193
Test_808,0.16601606,0,0.7531254,0.08085855
Test_809,0.79274255,0,0.14030278,0.06695469
Test_810,5.788462e-07,0,0.9999993,6.550706e-08
Test_811,0.8962543,0,0.08961395,0.01413179
Test_812,4.8498154e-05,0,0.9999455,5.9212916e-06
Test_813,0.93632954,0,0.056452602,0.007217826
Test_814,0.016286418,0,0.03808202,0.94563156
Test_815,0.08550112,0,0.16535904,0.7491399
Test_816,0.65485144,0,0.17887825,0.1662703
Test_817,0.0016440359,0,0.99755496,0.0008010584
Test_818,0.23719801,0,0.20146397,0.561338
Test_819,0.128035,0,0.19352326,0.67844176
Test_820,0.63158786,0,0.14103967,0.22737248
Test_821,1.2944499e-05,0,8.977126e-05,0.99989724
Test_822,0.20491135,0,0.5250828,0.27000576
Test_823,0.966412,0,0.029836826,0.0037511617
Test_824,0.19174577,0,0.72328436,0.08496985
Test_825,0.016049294,0,0.046010967,0.9379397
Test_826,3.9206177e-05,0,0.99995697,3.7821128e-06
Test_827,0.0095603615,0,0.9400019,0.050437734
Test_828,0.00027200853,0,0.999645,8.289433e-05
Test_829,0.2194895,0,0.31407657,0.46643388
Test_830,0.49718532,0,0.41275746,0.09005725
Test_831,4.2324053e-05,0,0.99995244,5.239795e-06
Test_832,0.9946683,0,0.004921111,0.0004105275
Test_833,0.051848516,0,0.9334554,0.01469606
Test_834,0.01329757,0,0.9834396,0.003262911
Test_835,0.042523853,0,0.9342717,0.02320439
Test_836,0.03504879,0,0.9600718,0.0048794444
Test_837,0.70228106,0,0.20489573,0.0928232
Test_838,0.2726848,0,0.2520613,0.47525385
Test_839,0.046349578,0,0.9310321,0.022618333
Test_840,1.1976909e-18,0,1.0,1.8726283e-21
Test_841,0.0055406587,0,0.0194378,0.9750216
Test_842,0.9525867,0,0.040402547,0.0070107765
Test_843,1.261651e-06,0,0.99999857,1.5328162e-07
Test_844,0.88445365,0,0.0871076,0.02843869
Test_845,0.14549446,0,0.77245027,0.08205525
Test_846,0.27090442,0,0.5670735,0.16202205
Test_847,0.1257188,0,0.15792537,0.71635586
Test_848,0.3318736,0,0.61231256,0.05581385
Test_849,0.0019459506,0,0.008593681,0.98946035
Test_850,0.0015490914,0,0.9979868,0.00046409384
Test_851,0.0018997181,0,0.0033753298,0.9947249
Test_852,0.14280817,0,0.802286,0.054905843
Test_853,0.016061634,0,0.51911664,0.46482173
Test_854,0.11572875,0,0.07378268,0.8104886
Test_855,5.4202195e-07,0,1.2998476e-06,0.9999982
Test_856,0.5362826,0,0.43513685,0.028580554
Test_857,0.021502119,0,0.9688683,0.009629521
Test_858,0.0011145737,0,0.9987012,0.00018415635
Test_859,0.0020954155,0,0.0021003273,0.99580425
Test_860,0.7910044,0,0.14354992,0.06544568
Test_861,0.20075172,0,0.17823143,0.62101686
Test_862,0.6560409,0,0.2925801,0.051378995
Test_863,0.00253002,0,0.0028049622,0.994665
Test_864,7.361734e-05,0,0.9999229,3.5030112e-06
Test_865,0.22864504,0,0.61019593,0.16115904
Test_866,1.3519732e-05,0,0.99998546,1.0268369e-06
Test_867,0.5441663,0,0.20112829,0.25470537
Test_868,0.023179775,0,0.97502965,0.0017905948
Test_869,0.4452175,0,0.11751922,0.4372633
Test_870,0.060657687,0,0.0666081,0.87273425
Test_871,0.59277046,0,0.33727777,0.06995172
Test_872,0.10302669,0,0.76361024,0.1333631
Test_873,1.740342e-07,0,3.3243955e-07,0.9999995
Test_874,0.5306001,0,0.17972702,0.2896729
Test_875,4.6454225e-08,0,2.9216184e-07,0.99999964
Test_876,0.026578262,0,0.088072926,0.8853488
Test_877,0.040269017,0,0.026122326,0.93360865
Test_878,0.39902213,0,0.42661238,0.17436557
Test_879,0.5327175,0,0.37129426,0.09598829
Test_880,4.137736e-07,0,0.99999964,2.8802358e-08
Test_881,0.03584354,0,0.961506,0.0026504782
Test_882,0.3441756,0,0.588008,0.06781637
Test_883,0.021233877,0,0.9703433,0.008422773
Test_884,0.44295204,0,0.3321967,0.22485125
Test_885,0.7874392,0,0.16344306,0.049117677
Test_886,0.57776576,0,0.27471015,0.14752412
Test_887,0.49814734,0,0.24311426,0.25873834
Test_888,3.1554791e-06,0,0.9999964,4.476501e-07
Test_889,0.342516,0,0.55375844,0.10372559
Test_890,0.4082,0,0.41995606,0.17184393
Test_891,0.7302915,0,0.13887335,0.13083522
Test_892,1.7952975e-07,0,0.99999976,1.1450365e-08
Test_893,0.0070458716,0,0.013022923,0.97993124
Test_894,0.017036429,0,0.016635124,0.9663284
Test_895,0.5657963,0,0.26350826,0.17069538
Test_896,0.6244438,0,0.28003094,0.09552523
Test_897,0.67369694,0,0.2598933,0.066409744
Test_898,0.02584008,0,0.022149336,0.9520106
Test_899,0.28038362,0,0.5126349,0.20698157
Test_900,1.0177808e-05,0,2.6712909e-05,0.99996316
Test_901,0.16662174,0,0.81279975,0.020578463
Test_902,0.7082254,0,0.20134573,0.09042887
Test_903,1.6181165e-10,0,1.0,4.1875236e-12
Test_904,0.7108511,0,0.15979171,0.1293572
Test_905,0.14068349,0,0.8201834,0.039133016
Test_906,0.9517854,0,0.04352333,0.0046912786
Test_907,0.35046825,0,0.33123738,0.3182944
Test_908,7.036829e-09,0,1.0289077e-07,0.9999999
Test_909,0.80043983,0,0.1420127,0.057547417
Test_910,0.0021270465,0,0.9973742,0.0004987736
Test_911,0.11677511,0,0.0719882,0.81123674
Test_912,0.00084317604,0,0.99884963,0.0003071531
Test_913,0.03101988,0,0.9525765,0.016403636
Test_914,0.0028970349,0,0.007355782,0.98974717
Test_915,0.055154108,0,0.9365113,0.008334553
Test_916,0.040815543,0,0.015527755,0.9436567
Test_917,0.0024462482,0,0.98424304,0.013310706
Test_918,2.5067815e-05,0,0.9999691,5.803031e-06
Test_919,0.78617775,0,0.14014019,0.073682025
Test_920,0.00037300686,0,0.9995437,8.334449e-05
Test_921,0.13042183,0,0.12857553,0.7410027
Test_922,0.89683276,0,0.08446313,0.018704072
Test_923,0.8211964,0,0.12376488,0.055038795
Test_924,0.38206422,0,0.2908152,0.3271206
Test_925,0.9513482,0,0.04500396,0.003647765
Test_926,2.6933169e-05,0,0.9999714,1.6483358e-06
Test_927,0.13829243,0,0.15060897,0.71109855
Test_928,0.08096872,0,0.9161702,0.002861121
Test_929,0.4950641,0,0.062653065,0.44228286
Test_930,0.25372702,0,0.36647105,0.37980187
Test_931,0.63189447,0,0.306375,0.061730493
Test_932,0.62624145,0,0.058146656,0.31561196
Test_933,0.9045213,0,0.080772646,0.014706127
Test_934,0.8753956,0,0.0816091,0.04299534
Test_935,0.0048899692,0,0.017476033,0.977634
Test_936,0.081343524,0,0.010655674,0.90800077
Test_937,2.3780729e-05,0,0.9999734,2.9146415e-06
Test_938,0.016613895,0,0.032752514,0.95063365
Test_939,0.51733416,0,0.39117923,0.091486596
Test_940,0.04230973,0,0.055375095,0.9023152
Test_941,0.03335027,0,0.05470871,0.911941
Test_942,0.015623867,0,0.07045295,0.91392314
Test_943,1.31127855e-17,0,1.0,2.447312e-20
Test_944,0.1770537,0,0.22890654,0.5940398
Test_945,0.82911634,0,0.13576971,0.035113942
Test_946,0.0013796773,0,0.99841,0.0002103268
Test_947,0.30349734,0,0.48609975,0.21040288
Test_948,0.8649539,0,0.11793563,0.017110435
Test_949,0.29022843,0,0.6321633,0.07760829
Test_950,0.00052758976,0,0.0015411911,0.99793124
Test_951,1.1856087e-10,0,1.0,3.9588033e-12
Test_952,0.00017268087,0,0.0001162379,0.9997111
Test_953,6.7666224e-06,0,5.8370588e-05,0.9999349
Test_954,0.74441665,0,0.17862949,0.076953895
Test_955,0.7571649,0,0.16727687,0.07555817
Test_956,0.0006260662,0,0.0020803132,0.99729365
Test_957,0.7394227,0,0.11548131,0.14509608
Test_958,0.11650462,0,0.7340948,0.14940053
Test_959,0.5272081,0,0.46729717,0.005494776
Test_960,0.41050595,0,0.55874515,0.030748947
Test_961,0.6137006,0,0.23690845,0.14939086
Test_962,0.34984577,0,0.52059245,0.1295617
Test_963,0.24024105,0,0.7418952,0.017863778
Test_964,1.5570215e-13,0,1.0,1.6828242e-15
Test_965,0.41967323,0,0.4268963,0.15343046
Test_966,0.13554132,0,0.78271514,0.08174345
Test_967,0.16976412,0,0.71552324,0.11471261
Test_968,1.7587785e-14,0,1.0,1.1163037e-16
Test_969,5.232104e-07,0,0.9999995,5.025879e-08
Test_970,0.9716481,0,0.02522456,0.0031273768
Test_971,7.914271e-05,0,0.00033007373,0.9995908
Test_972,2.644648e-07,0,0.99999976,3.477742e-08
Test_973,3.4980847e-05,0,0.9999598,5.273547e-06
Test_974,0.43652543,0,0.29970735,0.2637672
Test_975,0.92901534,0,0.050480228,0.020504465
Test_976,0.123768404,0,0.8716051,0.004626486
Test_977,0.059107684,0,0.035055228,0.9058371
Test_978,0.56180155,0,0.40273124,0.03546725
Test_979,0.49219942,0,0.30109465,0.20670602
Test_980,0.04201989,0,0.06636103,0.8916191
Test_981,0.0025112631,0,0.010799825,0.9866889
Test_982,0.97967625,0,0.0183609,0.001962832
Test_983,0.3146121,0,0.30721495,0.37817296
Test_984,6.412348e-06,0,1.4722985e-05,0.9999789
Test_985,0.012903266,0,0.016475316,0.9706214
Test_986,5.2447707e-08,0,4.1436428e-07,0.9999995
Test_987,0.018804109,0,0.95515,0.026045894
Test_988,0.76729536,0,0.22341466,0.009289952
Test_989,0.47774848,0,0.23809746,0.28415406
Test_990,0.31085566,0,0.16903211,0.5201122
Test_991,0.038628917,0,0.07157656,0.8897945
Test_992,0.42050597,0,0.3969434,0.18255064
Test_993,0.5301584,0,0.3419605,0.12788111
Test_994,0.6495031,0,0.21493974,0.13555716
Test_995,0.18822886,0,0.33218288,0.4795882
Test_996,0.25070387,0,0.54179806,0.20749813
Test_997,0.00017560943,0,0.9998036,2.0845157e-05
Test_998,0.5677711,0,0.39181218,0.0404167
Test_999,4.9347553e-05,0,0.99994254,8.114404e-06
Test_1000,0.0005725413,0,0.9993992,2.8256283e-05
Test_1001,0.076715834,0,0.8247474,0.09853684
Test_1002,0.30708724,0,0.59769726,0.09521552
Test_1003,0.04674125,0,0.100546084,0.85271263
Test_1004,0.021888213,0,0.016310342,0.9618014
Test_1005,0.971934,0,0.023828022,0.004237996
Test_1006,0.0041335104,0,0.9830325,0.012833907
Test_1007,0.0071750763,0,0.012844926,0.97998
Test_1008,0.0226807,0,0.037098195,0.94022113
Test_1009,0.13039131,0,0.7596085,0.110000215
Test_1010,4.5726298e-05,0,0.99995136,2.8719319e-06
Test_1011,1.2091669e-08,0,1.0,5.5680316e-10
Test_1012,0.0004983357,0,0.0016643647,0.99783736
Test_1013,0.0024833188,0,0.9965699,0.00094686984
Test_1014,0.12913631,0,0.72993684,0.14092684
Test_1015,0.53710973,0,0.22491382,0.23797645
Test_1016,0.1384124,0,0.8307311,0.030856516
Test_1017,0.006272864,0,0.99313486,0.00059229165
Test_1018,1.4184462e-06,0,1.2278129e-05,0.9999863
Test_1019,0.0133903455,0,0.98493886,0.0016708139
Test_1020,3.1954608e-12,0,1.0,1.1314039e-14
Test_1021,0.95662963,0,0.035843987,0.007526373
Test_1022,0.39850968,0,0.24665353,0.35483682
Test_1023,0.6068606,0,0.2685322,0.12460725
Test_1024,0.7552964,0,0.1615048,0.08319874
Test_1025,0.012609245,0,0.025035562,0.96235526
Test_1026,0.30476543,0,0.6008305,0.094404034
Test_1027,1.4830682e-08,0,1.7282966e-07,0.99999976
Test_1028,0.6822293,0,0.19633573,0.12143502
Test_1029,0.8009865,0,0.16091318,0.038100213
Test_1030,0.5663966,0,0.3630105,0.070592895
Test_1031,2.4176963e-05,0,4.6007794e-05,0.9999298
Test_1032,0.17221352,0,0.067721546,0.76006496
Test_1033,0.00024732304,0,0.999734,1.8705001e-05
Test_1034,6.162537e-07,0,0.99999917,1.9567801e-07
Test_1035,0.0888562,0,0.9037717,0.0073720934
Test_1036,0.09386401,0,0.4643102,0.4418258
Test_1037,0.6225015,0,0.15849105,0.21900743
Test_1038,0.0002924744,0,0.00098728,0.9987203
Test_1039,0.096103065,0,0.12628455,0.7776124
Test_1040,0.06961665,0,0.05683461,0.87354875
Test_1041,0.027803743,0,0.024527198,0.947669
Test_1042,0.4316999,0,0.4329419,0.13535817
Test_1043,0.23314835,0,0.63645315,0.13039847
Test_1044,0.3643176,0,0.31639293,0.31928948
Test_1045,0.0014526615,0,0.99803656,0.0005107853
Test_1046,0.49285042,0,0.28291047,0.22423917
Test_1047,0.6820572,0,0.13660458,0.18133825
Test_1048,0.057678234,0,0.057422966,0.8848988
Test_1049,0.00015507791,0,0.00030946106,0.99953544
Test_1050,0.5320634,0,0.33571148,0.13222508
Test_1051,0.027084952,0,0.0257647,0.9471504
Test_1052,0.8526333,0,0.07195524,0.075411454
Test_1053,0.0014638313,0,0.99813926,0.00039689112
Test_1054,0.45907995,0,0.5176995,0.023220535
Test_1055,0.04550649,0,0.081741214,0.8727523
Test_1056,0.2278015,0,0.7527892,0.019409332
Test_1057,0.08654894,0,0.0889828,0.8244682
Test_1058,0.58211124,0,0.29890785,0.11898093
Test_1059,0.23498374,0,0.5417572,0.22325908
Test_1060,0.6175733,0,0.25464103,0.12778562
Test_1061,0.4856207,0,0.21048427,0.30389503
Test_1062,0.16034204,0,0.020032965,0.819625
Test_1063,0.01334822,0,0.9828038,0.0038479958
Test_1064,0.023843419,0,0.031116916,0.9450397
Test_1065,0.59890896,0,0.28683883,0.11425225
Test_1066,0.013178418,0,0.032526758,0.9542948
Test_1067,0.53193736,0,0.24683459,0.22122803
Test_1068,0.0011811117,0,0.99722433,0.0015945821
Test_1069,0.343898,0,0.619535,0.03656707
Test_1070,0.41148728,0,0.2153299,0.37318277
Test_1071,9.760601e-05,0,0.99970824,0.0001941642
Test_1072,0.07100877,0,0.9028513,0.026139937
Test_1073,0.07949724,0,0.40692222,0.51358056
Test_1074,0.36952287,0,0.3772386,0.2532385
Test_1075,0.023824068,0,0.04679005,0.92938584
Test_1076,1.4963086e-05,0,5.461246e-05,0.9999304
Test_1077,0.79301274,0,0.15224554,0.054741755
Test_1078,0.43263912,0,0.40201342,0.1653475
Test_1079,1.1434062e-06,0,0.9999987,1.11757494e-07
Test_1080,0.5317424,0,0.34003994,0.12821762
Test_1081,0.19477779,0,0.2926085,0.5126137
Test_1082,0.39899117,0,0.25845614,0.34255272
Test_1083,0.84402674,0,0.09786676,0.058106445
Test_1084,0.057235837,0,0.89882654,0.043937575
Test_1085,0.009773012,0,0.007701727,0.9825252
Test_1086,0.44439077,0,0.31174845,0.24386072
Test_1087,0.018826105,0,0.026173092,0.9550008
Test_1088,1.3120532e-11,0,1.0,2.5188212e-13
Test_1089,0.09097034,0,0.14808041,0.76094925
Test_1090,0.09807591,0,0.8400646,0.061859462
Test_1091,0.37403664,0,0.51915383,0.10680955
Test_1092,0.5449339,0,0.3132841,0.14178194
Test_1093,0.28600702,0,0.47514495,0.23884799
Test_1094,0.38230178,0,0.56067127,0.0570269
Test_1095,0.04932299,0,0.050123166,0.9005539
Test_1096,0.002059107,0,0.9961908,0.0017501425
Test_1097,0.8667538,0,0.1001041,0.03314213
Test_1098,0.16081803,0,0.22317249,0.61600953
Test_1099,0.043474503,0,0.93590164,0.020623805
Test_1100,0.30621403,0,0.5615491,0.13223684
Test_1101,0.47005814,0,0.43095183,0.09899001
Test_1102,0.028232288,0,0.92282534,0.04894234
Test_1103,0.29004323,0,0.25408027,0.4558765
Test_1104,0.25241432,0,0.27104288,0.47654277
Test_1105,0.0015899036,0,0.005114777,0.99329525
Test_1106,0.846637,0,0.14462389,0.008739021
Test_1107,0.00021911824,0,0.999683,9.780389e-05
Test_1108,0.88538104,0,0.09064889,0.02397002
Test_1109,0.33052957,0,0.59201264,0.077457756
Test_1110,1.3866075e-08,0,1.0,1.6003908e-10
Test_1111,0.00060015917,0,0.9991671,0.00023268689
Test_1112,0.8910457,0,0.09250975,0.016444644
Test_1113,0.11790448,0,0.8765581,0.0055373185
Test_1114,2.962434e-20,0,1.0,1.1795559e-23
Test_1115,6.0426925e-10,0,1.0,2.1473092e-11
Test_1116,3.1618917e-08,0,1.0,1.9270197e-09
Test_1117,0.8390905,0,0.1263382,0.034571245
Test_1118,0.00050624675,0,0.9992538,0.00023992163
Test_1119,6.080621e-07,0,4.601901e-06,0.99999475
Test_1120,0.014502114,0,0.97797924,0.0075186407
Test_1121,0.00068425655,0,0.9990663,0.0002495212
Test_1122,0.06977834,0,0.092084125,0.83813757
Test_1123,0.87546986,0,0.10455651,0.019973664
Test_1124,8.954085e-19,0,1.0,2.2169151e-21
Test_1125,0.3818886,0,0.19141473,0.42669666
Test_1126,0.4908316,0,0.12244906,0.38671935
Test_1127,0.018951567,0,0.06739372,0.9136547
Test_1128,0.34440336,0,0.56727105,0.08832559
Test_1129,1.3526392e-18,0,1.0,2.8467491e-21
Test_1130,5.4110183e-09,0,2.3301708e-07,0.99999976
Test_1131,0.9435892,0,0.052088264,0.0043225116
Test_1132,0.1295201,0,0.5317389,0.33874097
Test_1133,0.27583176,0,0.11357643,0.6105918
Test_1134,0.044401594,0,0.9340779,0.021520536
Test_1135,0.5520791,0,0.39387015,0.05405072
Test_1136,0.00013773123,0,0.000579303,0.999283
Test_1137,0.3987332,0,0.26182857,0.33943823
Test_1138,0.032124337,0,0.025803952,0.94207174
Test_1139,0.08169096,0,0.06791438,0.8503947
Test_1140,0.19188002,0,0.6659636,0.14215644
Test_1141,2.3181687e-05,0,0.00010200778,0.99987483
Test_1142,0.15306774,0,0.8229571,0.023975216
Test_1143,0.31483674,0,0.40491602,0.2802472
Test_1144,0.0013147135,0,0.9983369,0.00034840062
Test_1145,0.3094367,0,0.19870357,0.4918597
Test_1146,0.0015153048,0,0.9974239,0.0010608245
Test_1147,0.00011590401,0,0.0010099937,0.9988741
Test_1148,0.04247033,0,0.4633522,0.49417752
Test_1149,0.8829616,0,0.085185215,0.03185324
Test_1150,0.5679322,0,0.40543127,0.026636513
Test_1151,0.8393493,0,0.13211799,0.028532691
Test_1152,0.48268947,0,0.2079929,0.30931765
Test_1153,0.7631894,0,0.121637814,0.1151728
Test_1154,0.012202675,0,0.01613546,0.9716619
Test_1155,1.1456762e-09,0,1.0,3.283211e-11
Test_1156,0.37943602,0,0.3072521,0.31331185
Test_1157,3.2096603e-05,0,7.622277e-05,0.99989164
Test_1158,0.6870974,0,0.16339533,0.1495073
Test_1159,0.25846496,0,0.61830366,0.12323139
Test_1160,0.56700367,0,0.3157443,0.11725195
Test_1161,0.5032536,0,0.35575208,0.14099431
Test_1162,5.636224e-06,0,0.00010504802,0.99988925
Test_1163,0.99621165,0,0.0031301603,0.0006581364
Test_1164,0.49705997,0,0.25478485,0.24815512
Test_1165,0.00029869372,0,0.99959284,0.000108403816
Test_1166,0.17447667,0,0.10781815,0.71770513
Test_1167,5.510772e-06,0,0.99999416,4.122997e-07
Test_1168,0.3765538,0,0.40562224,0.21782398
Test_1169,0.03333672,0,0.056813557,0.9098497
Test_1170,0.68399596,0,0.26202142,0.05398258
Test_1171,0.002752155,0,0.0066897115,0.99055815
Test_1172,0.9989794,0,0.0009763207,4.433239e-05
Test_1173,0.66249067,0,0.24129711,0.09621221
Test_1174,0.0013409787,0,0.004240129,0.994419
Test_1175,0.17465028,0,0.7301387,0.09521104
Test_1176,1.34278425e-05,0,7.291272e-05,0.9999137
Test_1177,0.79728067,0,0.17257082,0.030148529
Test_1178,0.82861775,0,0.14209154,0.029290732
Test_1179,0.43690208,0,0.39793953,0.16515838
Test_1180,0.73766905,0,0.16554318,0.096787795
Test_1181,0.02358505,0,0.94721764,0.02919735
Test_1182,0.33454517,0,0.15929283,0.50616205
Test_1183,0.044925705,0,0.58058757,0.37448677
Test_1184,0.002718145,0,0.9960842,0.0011976474
Test_1185,3.4321595e-06,0,0.9999964,1.7003931e-07
Test_1186,0.025269303,0,0.9570068,0.017723897
Test_1187,8.187681e-06,0,4.589945e-05,0.9999459
Test_1188,0.31528065,0,0.22673577,0.45798358
Test_1189,0.6685064,0,0.17765437,0.15383917
Test_1190,2.9737843e-09,0,1.0,7.1945e-10
Test_1191,0.06415683,0,0.13407466,0.8017685
Test_1192,3.5377305e-29,0,1.0,1.0593926e-33
Test_1193,0.14059326,0,0.18262127,0.67678547
Test_1194,0.673983,0,0.24628705,0.0797299
Test_1195,0.9969608,0,0.0029801554,5.9006485e-05
Test_1196,6.47242e-07,0,1.4614097e-05,0.99998474
Test_1197,0.31836644,0,0.12995857,0.55167496
Test_1198,0.115439616,0,0.7806644,0.10389603
Test_1199,0.063349955,0,0.9202197,0.016430337
Test_1200,0.5045754,0,0.3608339,0.13459077
Test_1201,0.155736,0,0.25182676,0.59243727
Test_1202,0.13510253,0,0.2454625,0.61943495
Test_1203,0.21437456,0,0.3924463,0.39317918
Test_1204,0.0007581938,0,0.0012437312,0.99799806
Test_1205,7.763399e-06,0,0.99999046,1.7661409e-06
Test_1206,0.43579835,0,0.5297001,0.034501597
Test_1207,0.0056490456,0,0.0045364574,0.9898145
Test_1208,0.7011177,0,0.19929117,0.09959115
Test_1209,2.057109e-06,0,0.99999785,1.4327644e-07
Test_1210,2.3509696e-05,0,0.00010849521,0.99986804
Test_1211,0.1499074,0,0.67042613,0.17966641
Test_1212,0.036144685,0,0.86066717,0.103188105
Test_1213,0.5019088,0,0.18458831,0.31350294
Test_1214,2.023098e-11,0,1.4029357e-09,1.0
Test_1215,1.0893294e-05,0,7.2861665e-05,0.9999162
Test_1216,0.38193816,0,0.45976308,0.15829872
Test_1217,0.27734938,0,0.5791172,0.14353342
Test_1218,0.028230641,0,0.050805017,0.9209643
Test_1219,1.0293999e-06,0,0.9999988,7.074668e-08
Test_1220,0.09578036,0,0.1319961,0.77222353
Test_1221,0.86854523,0,0.048320137,0.08313464
Test_1222,3.2182995e-06,0,0.99999666,1.707267e-07
Test_1223,0.2787156,0,0.11621812,0.6050663
Test_1224,0.065574415,0,0.8936874,0.040738117
Test_1225,0.009294058,0,0.9888664,0.0018395348
Test_1226,0.24491993,0,0.46476007,0.29032004
Test_1227,0.6773597,0,0.12477257,0.19786775
Test_1228,0.13741943,0,0.8521633,0.010417241
Test_1229,0.25460404,0,0.6929095,0.052486505
Test_1230,0.45349863,0,0.5090234,0.037477966
Test_1231,0.26669356,0,0.26148045,0.47182596
Test_1232,0.87734455,0,0.09446133,0.02819412
Test_1233,0.019662084,0,0.9743264,0.0060115666
Test_1234,0.2816451,0,0.6831151,0.035239756
Test_1235,0.5366009,0,0.22663248,0.23676664
Test_1236,0.00051653036,0,0.0015003834,0.9979831
Test_1237,0.10274463,0,0.114356026,0.7828993
Test_1238,0.0019782074,0,0.99668795,0.0013338333
Test_1239,0.32185867,0,0.53389245,0.14424881
Test_1240,0.33085707,0,0.24334809,0.42579484
Test_1241,0.23963901,0,0.14622656,0.61413443
Test_1242,8.815346e-05,0,0.00032551572,0.9995863
Test_1243,0.5662972,0,0.32788387,0.10581894
Test_1244,7.0771035e-05,0,6.084111e-05,0.9998684
Test_1245,0.00052225456,0,0.0010390622,0.99843866
Test_1246,0.0047622826,0,0.0032912064,0.9919465
Test_1247,0.10708462,0,0.86007136,0.03284396
Test_1248,0.016194936,0,0.97171235,0.012092746
Test_1249,0.09351387,0,0.87207854,0.034407627
Test_1250,0.017674886,0,0.03111557,0.9512096
Test_1251,0.0045367894,0,0.009478653,0.98598456
Test_1252,0.040219728,0,0.94702584,0.0127545
Test_1253,0.0003673718,0,0.00089760043,0.998735
Test_1254,0.857205,0,0.10535999,0.037435014
Test_1255,0.18744028,0,0.12372353,0.6888362
Test_1256,0.033309683,0,0.92542386,0.041266512
Test_1257,0.010782308,0,0.030952074,0.9582656
Test_1258,0.7387668,0,0.1262877,0.13494554
Test_1259,0.76377916,0,0.20297585,0.03324495
Test_1260,0.00859732,0,0.9436697,0.047732916
Test_1261,7.180504e-06,0,0.9999924,4.865427e-07
Test_1262,0.91413,0,0.054671176,0.031198833
Test_1263,3.6743335e-09,0,1.0,2.1910661e-10
Test_1264,0.03785695,0,0.048629306,0.9135138
Test_1265,0.10467631,0,0.06717859,0.8281451
Test_1266,3.3914616e-13,0,1.0,1.1899332e-14
Test_1267,0.34712362,0,0.5555828,0.097293615
Test_1268,0.5747558,0,0.19695567,0.22828858
Test_1269,1.3199565e-05,0,0.99998486,1.8671931e-06
Test_1270,0.0032089038,0,0.99643123,0.0003598378
Test_1271,0.038515937,0,0.06690527,0.89457875
Test_1272,0.24578984,0,0.12865369,0.62555647
Test_1273,0.44444412,0,0.4190502,0.1365057
Test_1274,0.0012636298,0,0.0024087045,0.9963277
Test_1275,6.59598e-05,0,0.99992824,5.8109786e-06
Test_1276,0.0013168332,0,0.002473514,0.9962096
Test_1277,0.036618676,0,0.91778386,0.045597468
Test_1278,0.55995417,0,0.23266089,0.20738496
Test_1279,0.06276534,0,0.11583588,0.8213988
Test_1280,0.24718729,0,0.6906572,0.062155493
Test_1281,0.09232777,0,0.86267716,0.04499506
Test_1282,0.7330512,0,0.14020556,0.12674335
Test_1283,0.12441395,0,0.79728025,0.07830578
Test_1284,0.59716916,0,0.2829493,0.1198815
Test_1285,0.83429116,0,0.105167836,0.060541004
Test_1286,0.84799945,0,0.12924647,0.022754092
Test_1287,0.5223785,0,0.35808212,0.11953942
Test_1288,0.13291721,0,0.810621,0.056461748
Test_1289,0.24168453,0,0.15118591,0.6071295
Test_1290,0.021055983,0,0.024913993,0.9540301
Test_1291,0.017106624,0,0.032954823,0.94993854
Test_1292,0.32497406,0,0.37016827,0.30485773
Test_1293,0.016015675,0,0.024132757,0.9598515
Test_1294,0.5220898,0,0.20059845,0.27731177
Test_1295,0.020506449,0,0.9736337,0.0058598886
Test_1296,0.54268306,0,0.31003243,0.14728451
Test_1297,0.21611209,0,0.51605386,0.2678341
Test_1298,1.2554754e-07,0,0.9999999,7.3035076e-09
Test_1299,0.0020941515,0,0.99758625,0.00031949373
Test_1300,5.012485e-28,0,1.0,1.3115589e-32
Test_1301,3.783861e-09,0,1.0,1.4668551e-09
Test_1302,3.8045584e-09,0,1.6794505e-08,1.0
Test_1303,3.420843e-07,0,0.99999964,2.1629567e-08
Test_1304,0.0087434575,0,0.9830618,0.008194725
Test_1305,0.6904923,0,0.14161503,0.16789272
Test_1306,0.0011171841,0,0.00100711,0.9978757
Test_1307,1.8555227e-06,0,0.99999785,1.8599864e-07
Test_1308,4.5972297e-06,0,1.8790255e-05,0.99997663
Test_1309,0.6628411,0,0.2604073,0.07675162
Test_1310,1.2280821e-05,0,0.0001265126,0.99986124
Test_1311,0.44886306,0,0.34816185,0.20297511
Test_1312,0.5454238,0,0.33394632,0.12062994
Test_1313,0.05807374,0,0.92427826,0.017648034
Test_1314,0.8982212,0,0.094914,0.0068648187
Test_1315,0.86518824,0,0.11100692,0.023804909
Test_1316,0.5009488,0,0.43626702,0.06278419
Test_1317,4.841505e-06,0,2.9378167e-05,0.9999658
Test_1318,0.2491061,0,0.18622687,0.56466705
Test_1319,0.56730455,0,0.15703179,0.27566364
Test_1320,0.18434526,0,0.5308538,0.28480092
Test_1321,0.13015024,0,0.65168923,0.21816051
Test_1322,0.9966133,0,0.0024976686,0.0008890437
Test_1323,0.00018947794,0,0.9997899,2.0565902e-05
Test_1324,0.6316404,0,0.15888694,0.20947269
Test_1325,0.0015361038,0,0.0039775255,0.9944864
Test_1326,0.05710858,0,0.3014439,0.6414475
Test_1327,0.085095,0,0.85189253,0.063012384
Test_1328,0.56569475,0,0.32932854,0.10497672
Test_1329,7.4514535e-12,0,1.0,5.707177e-14
Test_1330,0.4520371,0,0.54616314,0.0017997765
Test_1331,0.00035282125,0,0.9995511,9.601859e-05
Test_1332,0.010297306,0,0.018524641,0.97117805
Test_1333,0.4218193,0,0.15842876,0.419752
Test_1334,8.824278e-05,0,7.671215e-05,0.999835
Test_1335,0.1793019,0,0.7382728,0.08242533
Test_1336,0.0012577795,0,0.99837554,0.00036663772
Test_1337,0.61759466,0,0.2872062,0.09519916
Test_1338,0.013263166,0,0.9845531,0.0021837961
Test_1339,0.26659226,0,0.52710295,0.20630483
Test_1340,0.8423644,0,0.122115366,0.03552019
Test_1341,0.033611923,0,0.95619166,0.010196434
Test_1342,0.033474285,0,0.35385466,0.6126711
Test_1343,1.8001586e-08,0,2.402965e-07,0.99999976
Test_1344,0.5076184,0,0.32814354,0.16423804
Test_1345,0.3501749,0,0.15843521,0.49138993
Test_1346,0.035111547,0,0.027100176,0.93778825
Test_1347,0.014684647,0,0.02257428,0.96274114
Test_1348,0.7865766,0,0.18062541,0.032797866
Test_1349,0.046052944,0,0.9328658,0.021081217
Test_1350,0.9724516,0,0.023926955,0.0036213386
Test_1351,0.03256769,0,0.085102566,0.88232976
Test_1352,0.4800843,0,0.3250803,0.19483547
Test_1353,0.42311966,0,0.2912509,0.2856294
Test_1354,0.6915707,0,0.23944172,0.06898756
Test_1355,0.91567755,0,0.06552979,0.018792657
Test_1356,3.468671e-07,0,2.797983e-06,0.9999969
Test_1357,1.6501508e-05,0,0.9999794,4.1355433e-06
Test_1358,0.00026293995,0,0.00057903974,0.999158
Test_1359,0.38272285,0,0.26785544,0.34942168
Test_1360,0.4666898,0,0.35185382,0.18145639
Test_1361,1.5508805e-07,0,0.9999999,2.1957538e-08
Test_1362,1.8566492e-05,0,0.99998057,8.391074e-07
Test_1363,5.0695013e-05,0,0.9999368,1.2564899e-05
Test_1364,0.026519032,0,0.96305126,0.010429643
Test_1365,0.93046397,0,0.047706503,0.02182955
Test_1366,0.0053494736,0,0.017705454,0.97694504
Test_1367,0.028473029,0,0.9689864,0.0025405218
Test_1368,0.073910564,0,0.87374234,0.052347064
Test_1369,0.8314635,0,0.13079408,0.037742376
Test_1370,0.5297028,0,0.18740009,0.28289714
Test_1371,0.08754002,0,0.12862043,0.7838395
Test_1372,0.37098083,0,0.47652024,0.15249895
Test_1373,0.5293544,0,0.34001958,0.13062601
Test_1374,0.008381947,0,0.98840314,0.003214955
Test_1375,0.09723887,0,0.030829983,0.87193114
Test_1376,0.35100022,0,0.5088889,0.14011087
Test_1377,2.6795316e-05,0,0.9999707,2.506643e-06
Test_1378,0.57601035,0,0.057735212,0.3662544
Test_1379,0.010580207,0,0.038001746,0.95141804
Test_1380,0.33356893,0,0.52452976,0.14190137
Test_1381,0.31643593,0,0.2903746,0.3931894
Test_1382,6.781275e-08,0,0.9999999,1.7204738e-09
Test_1383,2.6291833e-08,0,1.3291639e-06,0.9999987
Test_1384,0.00042026155,0,0.0028510778,0.99672866
Test_1385,1.2223437e-06,0,2.938169e-05,0.99996936
Test_1386,0.37407547,0,0.3108087,0.3151158
Test_1387,0.124535136,0,0.16362087,0.71184397
Test_1388,0.00046203274,0,0.99938905,0.00014895282
Test_1389,1.1406166e-11,0,1.0,4.997536e-13
Test_1390,0.3975089,0,0.34379214,0.258699
Test_1391,5.8001334e-08,0,1.0,3.06472e-09
Test_1392,1.1464164e-05,0,0.9999858,2.7388335e-06
Test_1393,0.16290516,0,0.42390877,0.41318607
Test_1394,0.62747616,0,0.22551379,0.14701003
Test_1395,5.4194552e-05,0,0.9999391,6.6412103e-06
Test_1396,0.20855933,0,0.55910885,0.23233172
Test_1397,9.477838e-08,0,0.9999999,5.343483e-09
Test_1398,0.028471705,0,0.95245343,0.019074831
Test_1399,0.00023167128,0,0.99968684,8.157058e-05
Test_1400,0.00023979471,0,0.0005225803,0.99923766
Test_1401,0.0016619316,0,0.0031412076,0.9951969
Test_1402,0.6771831,0,0.21902344,0.10379349
Test_1403,0.1268548,0,0.27338102,0.5997642
Test_1404,0.5784355,0,0.35686573,0.064698815
Test_1405,0.00014229763,0,0.9998485,9.214403e-06
Test_1406,0.37709358,0,0.36517966,0.25772673
Test_1407,0.09752274,0,0.08808178,0.8143955
Test_1408,0.39121056,0,0.033734813,0.5750546
Test_1409,0.079483636,0,0.53885156,0.3816648
Test_1410,4.3423225e-07,0,0.9999995,3.4149405e-08
Test_1411,0.00061144686,0,0.0028381576,0.9965503
Test_1412,0.0242456,0,0.0573517,0.91840273
Test_1413,0.003037286,0,0.0069789854,0.9899837
Test_1414,0.06854128,0,0.9221513,0.0093074
Test_1415,0.56790376,0,0.29224235,0.13985391
Test_1416,0.5155757,0,0.22575016,0.2586741
Test_1417,0.05116389,0,0.93139654,0.017439596
Test_1418,0.48733792,0,0.35752144,0.15514064
Test_1419,0.00020440182,0,0.9997278,6.785786e-05
Test_1420,0.1997524,0,0.27150223,0.52874535
Test_1421,2.7027533e-10,0,9.2270955e-09,1.0
Test_1422,4.0358814e-06,0,0.9999956,3.547512e-07
Test_1423,0.058770478,0,0.9177995,0.023430089
Test_1424,0.6502198,0,0.33230323,0.017476957
Test_1425,0.012557705,0,0.9830152,0.0044270665
Test_1426,4.951215e-10,0,1.0,6.1616207e-12
Test_1427,0.008674536,0,0.022837793,0.9684876
Test_1428,0.06741407,0,0.05541252,0.8771735
Test_1429,0.9485197,0,0.038855895,0.012624424
Test_1430,0.52902913,0,0.34579313,0.12517776
Test_1431,0.8395669,0,0.13832608,0.022107027
Test_1432,0.24253193,0,0.66093916,0.09652886
Test_1433,3.249214e-08,0,1.0,1.7992795e-09
Test_1434,0.0359851,0,0.956053,0.007961814
Test_1435,0.0003931057,0,0.0006957255,0.99891114
Test_1436,0.43470994,0,0.18752944,0.37776068
Test_1437,0.09384618,0,0.18673562,0.7194182
Test_1438,0.06497587,0,0.24339421,0.69162995
Test_1439,0.71217924,0,0.21434955,0.07347119
Test_1440,0.6819827,0,0.17446692,0.14355032
Test_1441,0.0005020111,0,0.9993724,0.00012555048
Test_1442,0.9394321,0,0.05618219,0.0043857335
Test_1443,0.9976441,0,0.0020810512,0.00027489726
Test_1444,0.023704167,0,0.9677203,0.008575456
Test_1445,3.356705e-05,0,0.00016477292,0.9998017
Test_1446,0.6659849,0,0.287121,0.04689417
Test_1447,0.07023782,0,0.04547209,0.88429004
Test_1448,0.9769796,0,0.020701542,0.0023188475
Test_1449,0.430593,0,0.30008796,0.26931912
Test_1450,0.71310323,0,0.19746684,0.089429945
Test_1451,0.00039761662,0,0.0003663982,0.999236
Test_1452,0.009561053,0,0.024585327,0.96585363
Test_1453,6.0189653e-09,0,1.0,3.346168e-10
Test_1454,0.55968356,0,0.31810993,0.12220646
Test_1455,0.058267813,0,0.9253442,0.016387958
Test_1456,0.12453565,0,0.79851174,0.0769526
Test_1457,0.15713659,0,0.7789875,0.06387587
Test_1458,0.00092007656,0,0.0012457412,0.99783415
Test_1459,0.005088968,0,0.9898425,0.0050686137
Test_1460,5.5971805e-07,0,0.9999994,1.8800693e-08
Test_1461,1.5774945e-05,0,0.9999821,2.1453216e-06
Test_1462,1.7057017e-13,0,1.0,2.2814547e-16
Test_1463,3.0542686e-09,0,1.0,9.534668e-11
Test_1464,0.00042578028,0,0.99898535,0.00058890996
Test_1465,0.0028414803,0,0.99616015,0.0009983879
Test_1466,0.69069093,0,0.20350616,0.105802916
Test_1467,0.54203904,0,0.40697086,0.050990123
Test_1468,0.003125658,0,0.0075550014,0.9893194
Test_1469,0.473233,0,0.41813555,0.10863142
Test_1470,5.0454073e-05,0,0.00012949605,0.99982005
Test_1471,0.5103079,0,0.2877712,0.20192094
Test_1472,8.9683126e-05,0,0.00055537553,0.9993549
Test_1473,0.09268025,0,0.2137793,0.69354045
Test_1474,0.21390131,0,0.73834366,0.047754973
Test_1475,9.722733e-07,0,0.99999905,2.580539e-09
Test_1476,7.827408e-05,0,0.00034932082,0.99957246
Test_1477,3.7886468e-05,0,0.00016593453,0.9997962
Test_1478,1.2072313e-19,0,1.0,6.1134625e-23
Test_1479,0.00074390107,0,0.0018521285,0.9974039
Test_1480,1.13133294e-10,0,1.0,1.9202693e-12
Test_1481,0.04081721,0,0.9477485,0.011434306
Test_1482,0.14024895,0,0.66476685,0.19498411
Test_1483,0.09028337,0,0.07883417,0.8308825
Test_1484,0.7991511,0,0.15568866,0.04516022
Test_1485,0.5488746,0,0.34369564,0.10742974
Test_1486,3.7882775e-18,0,1.0,3.1757174e-21
Test_1487,0.019897226,0,0.9783443,0.0017584384
Test_1488,0.19551234,0,0.6639157,0.140572
Test_1489,0.09339014,0,0.8320854,0.07452445
Test_1490,0.09485183,0,0.1288201,0.776328
Test_1491,0.0120334895,0,0.008889506,0.979077
Test_1492,0.0017258244,0,0.9977168,0.00055745814
Test_1493,0.4747807,0,0.24384041,0.28137892
Test_1494,0.95987856,0,0.031015826,0.00910561
Test_1495,0.0066306028,0,0.1167602,0.87660915
Test_1496,4.6015227e-09,0,6.0442886e-08,0.9999999
Test_1497,0.09822824,0,0.8754823,0.026289478
Test_1498,0.19968134,0,0.6600872,0.14023137
Test_1499,0.0004929923,0,0.9993573,0.0001497911
Test_1500,0.43736598,0,0.32679793,0.23583609
Test_1501,0.36841208,0,0.2896488,0.3419391
Test_1502,0.083442904,0,0.06446809,0.852089
Test_1503,0.6622079,0,0.27520144,0.06259061
Test_1504,0.0011462861,0,0.99838233,0.00047141823
Test_1505,0.040703446,0,0.9331523,0.026144328
Test_1506,0.55578434,0,0.20743737,0.23677829
Test_1507,0.60348415,0,0.3236498,0.07286602
Test_1508,0.21804123,0,0.5885576,0.19340119
Test_1509,3.254423e-08,0,3.2292277e-07,0.99999964
Test_1510,0.3881905,0,0.4854936,0.12631592
Test_1511,0.0025274723,0,0.0035157856,0.9939567
Test_1512,0.36380607,0,0.28807965,0.34811425
Test_1513,2.1533806e-05,0,0.9999764,2.0505504e-06
Test_1514,0.0001078301,0,0.99987197,2.0113994e-05
Test_1515,0.0073870984,0,0.9888604,0.0037524032
Test_1516,0.0025398864,0,0.0057580643,0.991702
Test_1517,9.722941e-06,0,0.9999894,8.866775e-07
Test_1518,0.30068347,0,0.08941401,0.60990256
Test_1519,0.008417538,0,0.013217187,0.9783653
Test_1520,6.608937e-05,0,0.0001994303,0.99973446
Test_1521,0.45460215,0,0.12185129,0.42354655
Test_1522,0.10705905,0,0.66526824,0.22767279
Test_1523,0.19588712,0,0.65129006,0.15282285
Test_1524,0.744495,0,0.18921885,0.06628619
Test_1525,0.6988567,0,0.15031645,0.15082678
Test_1526,0.015524185,0,0.04549851,0.9389773
Test_1527,0.3186913,0,0.67679083,0.004517848
Test_1528,0.0007607726,0,0.0015942882,0.99764496
Test_1529,0.055496767,0,0.9410529,0.0034502656
Test_1530,0.43760803,0,0.47588098,0.086511016
Test_1531,0.00019541403,0,0.99973685,6.76941e-05
Test_1532,0.81844664,0,0.085626066,0.09592729
Test_1533,0.22473946,0,0.5729497,0.20231082
Test_1534,0.41367567,0,0.34842673,0.23789753
Test_1535,0.064556114,0,0.88859105,0.04685283
Test_1536,0.09075565,0,0.20407702,0.7051673
Test_1537,0.00017767561,0,0.00076553074,0.99905676
Test_1538,0.3725343,0,0.5558087,0.071656965
Test_1539,0.26976654,0,0.71475816,0.015475317
Test_1540,3.4285847e-07,0,3.4227644e-06,0.9999962
Test_1541,0.005193932,0,0.004815352,0.9899907
Test_1542,0.10142752,0,0.5261193,0.37245312
Test_1543,0.013278158,0,0.9858375,0.0008843384
Test_1544,0.92679125,0,0.05642706,0.016781732
Test_1545,3.4213617e-06,0,8.707308e-06,0.99998784
Test_1546,0.7516021,0,0.113822944,0.13457493
Test_1547,0.96090806,0,0.033550676,0.005541352
Test_1548,0.0017451609,0,0.0041561173,0.9940988
Test_1549,0.104688,0,0.1317494,0.76356256
Test_1550,7.6212655e-07,0,5.6726417e-06,0.99999356
Test_1551,0.0006092772,0,0.0016771073,0.99771357
Test_1552,0.14745803,0,0.5763647,0.27617732
Test_1553,0.6196026,0,0.26953623,0.11086107
Test_1554,0.10838552,0,0.15858153,0.733033
Test_1555,0.020224825,0,0.025347462,0.95442766
Test_1556,0.010685174,0,0.983082,0.00623283
Test_1557,0.0003097943,0,0.0014051142,0.9982851
Test_1558,3.0208535e-26,0,1.0,4.496004e-30
Test_1559,0.00011024099,0,0.99988437,5.4005154e-06
Test_1560,0.5720836,0,0.29937726,0.12853913
Test_1561,0.10631439,0,0.11383756,0.77984804
Test_1562,0.7104823,0,0.16067101,0.12884665
Test_1563,0.0005115365,0,0.999355,0.00013339346
Test_1564,0.00015784384,0,0.9998036,3.8586793e-05
Test_1565,0.3200023,0,0.2716445,0.40835318
Test_1566,0.00029254518,0,0.00078076206,0.9989267
Test_1567,1.5675227e-09,0,1.0,1.0140004e-10
Test_1568,1.7102889e-07,0,0.9999999,2.2153063e-08
Test_1569,0.60859567,0,0.24105117,0.15035315
Test_1570,0.6120127,0,0.29256508,0.09542225
Test_1571,0.0007530357,0,0.0020580098,0.997189
Test_1572,0.013446783,0,0.9493699,0.037183326
Test_1573,0.011110994,0,0.9851083,0.0037806316
Test_1574,0.06838396,0,0.91608775,0.015528374
Test_1575,2.794573e-07,0,0.99999976,3.0675338e-08
Test_1576,0.84366244,0,0.11471621,0.041621435
Test_1577,3.1935913e-06,0,0.99999344,3.3875147e-06
Test_1578,1.2414122e-07,0,0.9999999,3.8995895e-09
Test_1579,0.8300144,0,0.14301494,0.026970634
Test_1580,0.9479208,0,0.037838478,0.014240741
Test_1581,0.101695314,0,0.12235838,0.7759463
Test_1582,0.021113904,0,0.9766407,0.0022453398
Test_1583,0.0042297747,0,0.99489486,0.00087537005
Test_1584,0.02734052,0,0.9657592,0.006900278
Test_1585,0.0037721603,0,0.9953961,0.00083174196
Test_1586,0.4171704,0,0.44643167,0.13639788
Test_1587,0.21208246,0,0.7481269,0.03979064
Test_1588,0.21252137,0,0.13362865,0.65384996
Test_1589,0.04708533,0,0.92605466,0.026859896
Test_1590,0.14853178,0,0.20848927,0.64297897
Test_1591,0.21296395,0,0.25902793,0.52800816
Test_1592,0.6197994,0,0.25624654,0.12395414
Test_1593,5.495104e-05,0,0.00024840704,0.9996966
Test_1594,0.08207677,0,0.1040906,0.8138326
Test_1595,0.97469103,0,0.022752617,0.00255634
Test_1596,0.33572933,0,0.6449523,0.019318435
Test_1597,3.666696e-20,0,1.0,3.8876432e-23
Test_1598,0.041198388,0,0.046861555,0.91194004
Test_1599,0.0028889475,0,0.99659234,0.00051873137
Test_1600,0.1823491,0,0.27726015,0.54039073
Test_1601,0.002604176,0,0.006062402,0.9913334
Test_1602,0.33185023,0,0.4833738,0.18477604
Test_1603,0.00010174034,0,0.9998827,1.5473426e-05
Test_1604,1.696234e-05,0,0.99998116,1.8645419e-06
Test_1605,0.21532725,0,0.30600387,0.47866884
Test_1606,0.026872674,0,0.94527066,0.027856665
Test_1607,0.58027214,0,0.22421,0.19551793
Test_1608,0.15885115,0,0.7546222,0.08652659
Test_1609,0.5233191,0,0.31024054,0.16644035
Test_1610,0.95687705,0,0.03800209,0.0051209335
Test_1611,0.40004793,0,0.1845645,0.4153875
Test_1612,0.10232645,0,0.80659264,0.09108082
Test_1613,0.10089177,0,0.38687822,0.51223004
Test_1614,0.3045796,0,0.67674065,0.01867968
Test_1615,2.2353395e-05,0,9.302322e-05,0.9998846
Test_1616,1.4054755e-08,0,1.0,5.451615e-10
Test_1617,5.471278e-08,0,1.0,2.356974e-10
Test_1618,0.6814671,0,0.20235308,0.11617975
Test_1619,0.02473402,0,0.02008873,0.95517725
Test_1620,0.618445,0,0.24341738,0.13813761
Test_1621,0.0017396928,0,0.0025872162,0.9956731
Test_1622,0.97198,0,0.015503832,0.012516221
Test_1623,0.05797422,0,0.27490196,0.6671238
Test_1624,0.85514534,0,0.12335375,0.021500913
Test_1625,0.0033337343,0,0.99612916,0.0005371395
Test_1626,4.9833565e-05,0,0.9999461,4.062151e-06
Test_1627,0.0001280189,0,0.9997774,9.460124e-05
Test_1628,1.1632069e-06,0,0.9999987,1.5477094e-07
Test_1629,0.025910215,0,0.015503562,0.9585862
Test_1630,0.014744349,0,0.21037881,0.7748769
Test_1631,0.20992222,0,0.30370647,0.48637128
Test_1632,0.82331586,0,0.12441881,0.05226528
Test_1633,0.11361924,0,0.82121086,0.06516993
Test_1634,0.0011038268,0,0.9986364,0.0002598128
Test_1635,1.115991e-08,0,1.0,2.5563784e-10
Test_1636,0.04209801,0,0.08596637,0.8719356
Test_1637,0.17393844,0,0.7601807,0.06588082
Test_1638,0.3088523,0,0.6313366,0.05981103
Test_1639,0.14218904,0,0.03412873,0.82368225
Test_1640,0.8960873,0,0.08875908,0.015153645
Test_1641,0.004390253,0,0.19727533,0.7983345
Test_1642,0.65001124,0,0.24094099,0.10904781
Test_1643,0.51988274,0,0.16441038,0.31570694
Test_1644,0.0066633406,0,0.9908439,0.0024927168
Test_1645,0.18346752,0,0.23698105,0.5795514
Test_1646,8.046733e-06,0,0.99999166,2.908396e-07
Test_1647,0.0010449094,0,0.998415,0.00054011075
Test_1648,0.0760713,0,0.101883225,0.82204545
Test_1649,6.5642096e-05,0,0.9999207,1.3552421e-05
Test_1650,0.11545278,0,0.043911465,0.8406357
Test_1651,0.5995511,0,0.2639537,0.13649528
Test_1652,1.7299179e-07,0,0.9999999,5.406099e-09
Test_1653,0.33019084,0,0.19999903,0.4698101
Test_1654,0.4235768,0,0.2781214,0.29830182
Test_1655,7.376433e-08,0,4.7989045e-07,0.9999994
Test_1656,0.7357292,0,0.22142762,0.0428432
Test_1657,0.3151381,0,0.62696666,0.057895306
Test_1658,0.09877417,0,0.15936588,0.7418599
Test_1659,0.40414724,0,0.38775688,0.20809591
Test_1660,0.0027767092,0,0.0029050806,0.9943182
Test_1661,3.489891e-05,0,0.9999616,3.412578e-06
Test_1662,0.76423675,0,0.10065189,0.13511135
Test_1663,2.241252e-09,0,1.0,1.3333767e-10
Test_1664,0.25827798,0,0.13839534,0.6033267
Test_1665,0.44460183,0,0.34986588,0.20553227
Test_1666,4.687608e-10,0,1.0,3.5112496e-11
Test_1667,0.7413992,0,0.09393781,0.16466305
Test_1668,0.029217646,0,0.008108125,0.9626742
Test_1669,0.24517933,0,0.6182466,0.13657404
Test_1670,0.012524867,0,0.0077390387,0.9797361
Test_1671,0.34669513,0,0.52508765,0.12821722
Test_1672,0.011097369,0,0.018393062,0.9705095
Test_1673,0.54316634,0,0.17975086,0.27708277
Test_1674,2.0580108e-08,0,4.6725407e-07,0.9999995
Test_1675,0.9681875,0,0.028365431,0.0034470318
Test_1676,0.3868221,0,0.14024557,0.4729324
Test_1677,0.34950045,0,0.09780115,0.55269843
Test_1678,2.669818e-14,0,1.0,2.3759782e-16
Test_1679,0.43179366,0,0.26853755,0.2996688
Test_1680,0.021578435,0,0.13733459,0.841087
Test_1681,7.237808e-05,0,0.9977647,0.0021628754
Test_1682,0.101043195,0,0.26434222,0.6346145
Test_1683,0.27562508,0,0.62433416,0.10004073
Test_1684,0.75354606,0,0.2041625,0.04229147
Test_1685,0.6963966,0,0.20377289,0.09983056
Test_1686,0.49526742,0,0.3948821,0.10985051
Test_1687,0.30650002,0,0.114030175,0.5794698
Test_1688,9.8342105e-05,0,0.9998838,1.7887682e-05
Test_1689,0.04998546,0,0.9255625,0.024452012
Test_1690,0.100444265,0,0.8356844,0.06387134
Test_1691,0.0880942,0,0.13400798,0.7778979
Test_1692,0.14372301,0,0.7537297,0.10254734
Test_1693,4.0265434e-07,0,1.5389181e-06,0.9999981
Test_1694,0.025387527,0,0.43065825,0.54395425
Test_1695,0.017047007,0,0.96653247,0.016420556
Test_1696,0.31225044,0,0.266449,0.4213005
Test_1697,0.3760009,0,0.577858,0.046141118
Test_1698,0.4885478,0,0.4058774,0.105574824
Test_1699,0.00017085498,0,0.0006589145,0.9991703
Test_1700,0.5940993,0,0.3254567,0.080444016
Test_1701,0.39225912,0,0.40045637,0.20728448
Test_1702,0.04041958,0,0.8602908,0.09928959
Test_1703,0.8133918,0,0.115068644,0.071539514
Test_1704,0.877877,0,0.09188712,0.030235905
Test_1705,0.2935082,0,0.58074117,0.12575065
Test_1706,0.0019971624,0,0.0009787055,0.9970241
Test_1707,0.8681666,0,0.09133364,0.040499713
Test_1708,0.0024508196,0,0.995934,0.0016151565
Test_1709,0.123298265,0,0.5926876,0.28401405
Test_1710,0.008842081,0,0.9896383,0.0015196364
Test_1711,0.457861,0,0.18452963,0.35760936
Test_1712,5.2090736e-06,0,0.9999944,3.9710463e-07
Test_1713,0.021812942,0,0.96441764,0.0137693845
Test_1714,0.0013454803,0,0.0023440085,0.99631053
Test_1715,1.993158e-05,0,2.0181784e-05,0.9999598
Test_1716,0.83157176,0,0.110678546,0.05774972
Test_1717,0.0013690928,0,0.0017767854,0.9968541
Test_1718,0.54333806,0,0.34950638,0.10715561
Test_1719,5.8962154e-12,0,1.0,6.594216e-14
Test_1720,2.1559492e-10,0,1.0,1.0666347e-11
Test_1721,0.7100335,0,0.1972935,0.09267309
Test_1722,0.3056213,0,0.6407869,0.053591818
Test_1723,0.6115298,0,0.35571212,0.03275804
Test_1724,5.9977545e-16,0,1.0,2.3739827e-18
Test_1725,0.0035948907,0,0.9950782,0.0013268973
Test_1726,0.5569857,0,0.17252044,0.2704939
Test_1727,0.84128976,0,0.12422698,0.034483302
Test_1728,0.32064855,0,0.25943074,0.4199207
Test_1729,6.247978e-08,0,0.9999999,5.391703e-09
Test_1730,0.8929168,0,0.08766391,0.019419279
Test_1731,1.2943001e-06,0,0.99999857,1.5017918e-07
Test_1732,0.11643643,0,0.7549609,0.12860268
Test_1733,0.2761702,0,0.04574141,0.67808837
Test_1734,0.0742635,0,0.8415831,0.08415341
Test_1735,0.0681108,0,0.7826415,0.14924768
Test_1736,0.35587892,0,0.27590206,0.36821902
Test_1737,2.871353e-07,0,3.2616397e-06,0.9999964
Test_1738,0.2976524,0,0.24672924,0.45561835
Test_1739,0.40470737,0,0.44624385,0.14904875
Test_1740,0.00023260829,0,0.99974924,1.810943e-05
Test_1741,0.21642996,0,0.15263459,0.63093543
Test_1742,2.0985717e-05,0,0.999977,2.0147197e-06
Test_1743,0.0001673965,0,0.9998067,2.5954618e-05
Test_1744,1.4681931e-09,0,1.0,4.141274e-11
Test_1745,1.0087695e-16,0,1.0,5.0962044e-19
Test_1746,0.03817634,0,0.069432296,0.8923913
Test_1747,0.082588576,0,0.13081759,0.78659385
Test_1748,0.009980657,0,0.98374176,0.006277525
Test_1749,0.250406,0,0.36766797,0.38192603
Test_1750,0.0042946036,0,0.008710275,0.98699516
Test_1751,0.5095303,0,0.45637167,0.034098014
Test_1752,0.9113537,0,0.06277881,0.025867492
Test_1753,0.9403244,0,0.042723812,0.016951783
Test_1754,0.50173163,0,0.053617977,0.44465032
Test_1755,0.0574837,0,0.9107905,0.03172582
Test_1756,0.46052673,0,0.19058688,0.34888637
Test_1757,0.000103393235,0,0.0003986497,0.9994979
Test_1758,0.9404086,0,0.047597833,0.011993638
Test_1759,0.23114413,0,0.718595,0.050260786
Test_1760,0.004694427,0,0.9948211,0.0004844481
Test_1761,0.2203893,0,0.28613895,0.4934718
Test_1762,0.28747302,0,0.18559016,0.52693677
Test_1763,0.00068456406,0,0.9990602,0.0002552187
Test_1764,1.8165916e-07,0,0.99999976,8.159329e-09
Test_1765,0.34992903,0,0.23216233,0.41790864
Test_1766,0.7458847,0,0.150988,0.10312727
Test_1767,0.79921585,0,0.14998524,0.0507989
Test_1768,0.0004747047,0,0.99948335,4.193773e-05
Test_1769,0.9522197,0,0.039275758,0.0085045295
Test_1770,0.025074005,0,0.040953096,0.93397284
Test_1771,3.3186254e-06,0,0.9999964,2.0392616e-07
Test_1772,0.02832578,0,0.9328193,0.038854815
Test_1773,0.007288917,0,0.018771501,0.9739396
Test_1774,0.9008753,0,0.07398629,0.025138462
Test_1775,0.0048299767,0,0.99332786,0.0018421212
Test_1776,0.07745263,0,0.20695928,0.71558815
Test_1777,6.049417e-05,0,0.9999347,4.939912e-06
Test_1778,0.17735949,0,0.743701,0.07893957
Test_1779,0.64494735,0,0.23861013,0.11644256
Test_1780,0.29330978,0,0.6216703,0.0850199
Test_1781,9.151593e-05,0,0.00045060625,0.9994579
Test_1782,0.54210365,0,0.3109288,0.14696756
Test_1783,0.18321991,0,0.29215932,0.5246208
Test_1784,0.40748763,0,0.31456262,0.27794978
Test_1785,0.013509821,0,0.019633677,0.9668564
Test_1786,0.12146812,0,0.17004839,0.70848346
Test_1787,0.0013794802,0,0.00073326944,0.9978872
Test_1788,0.05116915,0,0.03761782,0.91121304
Test_1789,0.97675747,0,0.022351936,0.00089067564
Test_1790,0.6493611,0,0.21254116,0.13809773
Test_1791,0.9635221,0,0.031621285,0.0048566293
Test_1792,0.13560577,0,0.07259017,0.791804
Test_1793,0.09806351,0,0.80927986,0.09265657
Test_1794,0.000457048,0,0.99943167,0.000111319336
Test_1795,0.58410573,0,0.2636527,0.15224153
Test_1796,0.07714318,0,0.59999883,0.32285795
Test_1797,0.21196368,0,0.3358048,0.45223147
Test_1798,0.8357569,0,0.13955055,0.024692584
Test_1799,1.6994456e-05,0,6.818331e-05,0.99991477
Test_1800,0.6390278,0,0.27344146,0.08753079
Test_1801,0.0582712,0,0.10301037,0.8387185
Test_1802,3.1335065e-05,0,0.99996614,2.5242925e-06
Test_1803,0.38355905,0,0.21501453,0.40142637
Test_1804,5.399471e-10,0,1.0,9.471405e-12
Test_1805,0.715121,0,0.25044507,0.034433935
Test_1806,1.9048242e-08,0,9.038574e-08,0.9999999
Test_1807,0.52199185,0,0.26422447,0.2137837
Test_1808,0.16946918,0,0.3121034,0.51842743
Test_1809,0.95724577,0,0.04168192,0.0010723348
Test_1810,0.7733179,0,0.12021534,0.106466815
Test_1811,0.17808093,0,0.09237989,0.7295392
Test_1812,0.0005391447,0,0.99928445,0.00017639047
Test_1813,0.00060885097,0,0.0016152113,0.997776
Test_1814,4.5402803e-06,0,0.99999523,2.0348455e-07
Test_1815,0.0022669772,0,0.99700975,0.00072326214
Test_1816,0.21243285,0,0.7543056,0.033261534
Test_1817,0.1565518,0,0.7467419,0.096706316
Test_1818,0.1917507,0,0.09961164,0.70863765
Test_1819,0.96398443,0,0.03307011,0.0029453689
Test_1820,0.07510825,0,0.11984593,0.80504584
